Year,Gebietseinheit,Kategorien,GeoCode,Value
2012,Niedersachsen,Bestand_Jahresbeginn,K030,3820559
2012,Braunschweig,Bestand_Jahresbeginn,K031,820366
2012,Braunschweig Stadt,Bestand_Jahresbeginn,K03101,135723
2012,Salzgitter.Stadt,Bestand_Jahresbeginn,K03102,54966
2012,Wolfsburg.Stadt,Bestand_Jahresbeginn,K03103,63912
2012,Gifhorn,Bestand_Jahresbeginn,K03151,75932
2012,Goslar,Bestand_Jahresbeginn,K03153,80233
2012,Helmstedt,Bestand_Jahresbeginn,K03154,47205
2012,Northeim,Bestand_Jahresbeginn,K03155,68858
2012,Peine,Bestand_Jahresbeginn,K03157,60912
2012,Wolfenbüttel,Bestand_Jahresbeginn,K03158,59846
2012,Göttingen,Bestand_Jahresbeginn,K03159,172779
2012,Hannover,Bestand_Jahresbeginn,K032,1068063
2012,Hannover Region,Bestand_Jahresbeginn,K03241,581008
2012,Hannover Landeshauptstadt,Bestand_Jahresbeginn,K03241001,289399
2012,Diepholz,Bestand_Jahresbeginn,K03251,95989
2012,Hameln-Pyrmont,Bestand_Jahresbeginn,K03252,79401
2012,Hildesheim,Bestand_Jahresbeginn,K03254,139530
2012,Holzminden,Bestand_Jahresbeginn,K03255,38186
2012,Nienburg (Weser),Bestand_Jahresbeginn,K03256,55706
2012,Schaumburg,Bestand_Jahresbeginn,K03257,78243
2012,Lüneburg,Bestand_Jahresbeginn,K033,800794
2012,Celle,Bestand_Jahresbeginn,K03351,87113
2012,Cuxhaven,Bestand_Jahresbeginn,K03352,99501
2012,Harburg,Bestand_Jahresbeginn,K03353,113640
2012,Lüchow-Dannenberg,Bestand_Jahresbeginn,K03354,26055
2012,Lüneburg,Bestand_Jahresbeginn,K03355,84930
2012,Osterholz,Bestand_Jahresbeginn,K03356,50382
2012,Rotenburg (Wümme),Bestand_Jahresbeginn,K03357,72662
2012,Heidekreis,Bestand_Jahresbeginn,K03358,66345
2012,Stade,Bestand_Jahresbeginn,K03359,91796
2012,Uelzen,Bestand_Jahresbeginn,K03360,47250
2012,Verden,Bestand_Jahresbeginn,K03361,61120
2012,Weser-Ems,Bestand_Jahresbeginn,K034,1131336
2012,Delmenhorst.Stadt,Bestand_Jahresbeginn,K03401,37543
2012,Emden Stadt,Bestand_Jahresbeginn,K03402,25540
2012,Oldenburg (Oldb) Stadt,Bestand_Jahresbeginn,K03403,85582
2012,Osnabrück Stadt,Bestand_Jahresbeginn,K03404,84484
2012,Wilhelmshaven Stadt,Bestand_Jahresbeginn,K03405,45124
2012,Ammerland,Bestand_Jahresbeginn,K03451,54651
2012,Aurich,Bestand_Jahresbeginn,K03452,92958
2012,Cloppenburg,Bestand_Jahresbeginn,K03453,61015
2012,Emsland,Bestand_Jahresbeginn,K03454,126879
2012,Friesland,Bestand_Jahresbeginn,K03455,49528
2012,Grafschaft Bentheim,Bestand_Jahresbeginn,K03456,56947
2012,Leer,Bestand_Jahresbeginn,K03457,76743
2012,Oldenburg,Bestand_Jahresbeginn,K03458,55200
2012,Osnabrück,Bestand_Jahresbeginn,K03459,152212
2012,Vechta,Bestand_Jahresbeginn,K03460,52370
2012,Wesermarsch,Bestand_Jahresbeginn,K03461,45262
2012,Wittmund,Bestand_Jahresbeginn,K03462,29298
2013,Niedersachsen,Bestand_Jahresbeginn,K030,3840475
2013,Braunschweig,Bestand_Jahresbeginn,K031,822205
2013,Braunschweig Stadt,Bestand_Jahresbeginn,K03101,136237
2013,Salzgitter.Stadt,Bestand_Jahresbeginn,K03102,55028
2013,Wolfsburg.Stadt,Bestand_Jahresbeginn,K03103,63875
2013,Gifhorn,Bestand_Jahresbeginn,K03151,76341
2013,Goslar,Bestand_Jahresbeginn,K03153,80265
2013,Helmstedt,Bestand_Jahresbeginn,K03154,47254
2013,Northeim,Bestand_Jahresbeginn,K03155,68938
2013,Peine,Bestand_Jahresbeginn,K03157,61174
2013,Wolfenbüttel,Bestand_Jahresbeginn,K03158,60011
2013,Göttingen,Bestand_Jahresbeginn,K03159,173082
2013,Hannover,Bestand_Jahresbeginn,K032,1072232
2013,Hannover Region,Bestand_Jahresbeginn,K03241,583514
2013,Hannover Landeshauptstadt,Bestand_Jahresbeginn,K03241001,290418
2013,Diepholz,Bestand_Jahresbeginn,K03251,96778
2013,Hameln-Pyrmont,Bestand_Jahresbeginn,K03252,79505
2013,Hildesheim,Bestand_Jahresbeginn,K03254,139773
2013,Holzminden,Bestand_Jahresbeginn,K03255,38234
2013,Nienburg (Weser),Bestand_Jahresbeginn,K03256,55935
2013,Schaumburg,Bestand_Jahresbeginn,K03257,78493
2013,Lüneburg,Bestand_Jahresbeginn,K033,805081
2013,Celle,Bestand_Jahresbeginn,K03351,87243
2013,Cuxhaven,Bestand_Jahresbeginn,K03352,100119
2013,Harburg,Bestand_Jahresbeginn,K03353,114640
2013,Lüchow-Dannenberg,Bestand_Jahresbeginn,K03354,26095
2013,Lüneburg,Bestand_Jahresbeginn,K03355,85570
2013,Osterholz,Bestand_Jahresbeginn,K03356,50700
2013,Rotenburg (Wümme),Bestand_Jahresbeginn,K03357,73096
2013,Heidekreis,Bestand_Jahresbeginn,K03358,66497
2013,Stade,Bestand_Jahresbeginn,K03359,92584
2013,Uelzen,Bestand_Jahresbeginn,K03360,47357
2013,Verden,Bestand_Jahresbeginn,K03361,61180
2013,Weser-Ems,Bestand_Jahresbeginn,K034,1140957
2013,Delmenhorst.Stadt,Bestand_Jahresbeginn,K03401,37729
2013,Emden Stadt,Bestand_Jahresbeginn,K03402,25641
2013,Oldenburg (Oldb) Stadt,Bestand_Jahresbeginn,K03403,86642
2013,Osnabrück Stadt,Bestand_Jahresbeginn,K03404,84790
2013,Wilhelmshaven Stadt,Bestand_Jahresbeginn,K03405,45188
2013,Ammerland,Bestand_Jahresbeginn,K03451,55334
2013,Aurich,Bestand_Jahresbeginn,K03452,93614
2013,Cloppenburg,Bestand_Jahresbeginn,K03453,61899
2013,Emsland,Bestand_Jahresbeginn,K03454,128719
2013,Friesland,Bestand_Jahresbeginn,K03455,49836
2013,Grafschaft Bentheim,Bestand_Jahresbeginn,K03456,57425
2013,Leer,Bestand_Jahresbeginn,K03457,77393
2013,Oldenburg,Bestand_Jahresbeginn,K03458,55487
2013,Osnabrück,Bestand_Jahresbeginn,K03459,153203
2013,Vechta,Bestand_Jahresbeginn,K03460,53169
2013,Wesermarsch,Bestand_Jahresbeginn,K03461,45386
2013,Wittmund,Bestand_Jahresbeginn,K03462,29502
2014,Niedersachsen,Bestand_Jahresbeginn,K030,3863171
2014,Braunschweig,Bestand_Jahresbeginn,K031,824615
2014,Braunschweig Stadt,Bestand_Jahresbeginn,K03101,136582
2014,Salzgitter.Stadt,Bestand_Jahresbeginn,K03102,55136
2014,Wolfsburg.Stadt,Bestand_Jahresbeginn,K03103,64068
2014,Gifhorn,Bestand_Jahresbeginn,K03151,76953
2014,Goslar,Bestand_Jahresbeginn,K03153,80335
2014,Helmstedt,Bestand_Jahresbeginn,K03154,47376
2014,Northeim,Bestand_Jahresbeginn,K03155,69004
2014,Peine,Bestand_Jahresbeginn,K03157,61474
2014,Wolfenbüttel,Bestand_Jahresbeginn,K03158,60179
2014,Göttingen,Bestand_Jahresbeginn,K03159,173508
2014,Hannover,Bestand_Jahresbeginn,K032,1075980
2014,Hannover Region,Bestand_Jahresbeginn,K03241,585492
2014,Hannover Landeshauptstadt,Bestand_Jahresbeginn,K03241001,291067
2014,Diepholz,Bestand_Jahresbeginn,K03251,97446
2014,Hameln-Pyrmont,Bestand_Jahresbeginn,K03252,79731
2014,Hildesheim,Bestand_Jahresbeginn,K03254,140162
2014,Holzminden,Bestand_Jahresbeginn,K03255,38245
2014,Nienburg (Weser),Bestand_Jahresbeginn,K03256,56181
2014,Schaumburg,Bestand_Jahresbeginn,K03257,78723
2014,Lüneburg,Bestand_Jahresbeginn,K033,810367
2014,Celle,Bestand_Jahresbeginn,K03351,87576
2014,Cuxhaven,Bestand_Jahresbeginn,K03352,100744
2014,Harburg,Bestand_Jahresbeginn,K03353,115761
2014,Lüchow-Dannenberg,Bestand_Jahresbeginn,K03354,26148
2014,Lüneburg,Bestand_Jahresbeginn,K03355,86345
2014,Osterholz,Bestand_Jahresbeginn,K03356,50935
2014,Rotenburg (Wümme),Bestand_Jahresbeginn,K03357,73502
2014,Heidekreis,Bestand_Jahresbeginn,K03358,66718
2014,Stade,Bestand_Jahresbeginn,K03359,93428
2014,Uelzen,Bestand_Jahresbeginn,K03360,47511
2014,Verden,Bestand_Jahresbeginn,K03361,61699
2014,Weser-Ems,Bestand_Jahresbeginn,K034,1152209
2014,Delmenhorst.Stadt,Bestand_Jahresbeginn,K03401,37886
2014,Emden Stadt,Bestand_Jahresbeginn,K03402,25744
2014,Oldenburg (Oldb) Stadt,Bestand_Jahresbeginn,K03403,87754
2014,Osnabrück Stadt,Bestand_Jahresbeginn,K03404,85216
2014,Wilhelmshaven Stadt,Bestand_Jahresbeginn,K03405,45205
2014,Ammerland,Bestand_Jahresbeginn,K03451,56229
2014,Aurich,Bestand_Jahresbeginn,K03452,94562
2014,Cloppenburg,Bestand_Jahresbeginn,K03453,62949
2014,Emsland,Bestand_Jahresbeginn,K03454,130666
2014,Friesland,Bestand_Jahresbeginn,K03455,50184
2014,Grafschaft Bentheim,Bestand_Jahresbeginn,K03456,58113
2014,Leer,Bestand_Jahresbeginn,K03457,78229
2014,Oldenburg,Bestand_Jahresbeginn,K03458,55780
2014,Osnabrück,Bestand_Jahresbeginn,K03459,154159
2014,Vechta,Bestand_Jahresbeginn,K03460,54242
2014,Wesermarsch,Bestand_Jahresbeginn,K03461,45555
2014,Wittmund,Bestand_Jahresbeginn,K03462,29736
2015,Niedersachsen,Bestand_Jahresbeginn,K030,3888731
2015,Braunschweig,Bestand_Jahresbeginn,K031,827735
2015,Braunschweig Stadt,Bestand_Jahresbeginn,K03101,137072
2015,Salzgitter.Stadt,Bestand_Jahresbeginn,K03102,55191
2015,Wolfsburg.Stadt,Bestand_Jahresbeginn,K03103,64472
2015,Gifhorn,Bestand_Jahresbeginn,K03151,77676
2015,Goslar,Bestand_Jahresbeginn,K03153,80444
2015,Helmstedt,Bestand_Jahresbeginn,K03154,47558
2015,Northeim,Bestand_Jahresbeginn,K03155,69096
2015,Peine,Bestand_Jahresbeginn,K03157,61768
2015,Wolfenbüttel,Bestand_Jahresbeginn,K03158,60400
2015,Göttingen,Bestand_Jahresbeginn,K03159,174058
2015,Hannover,Bestand_Jahresbeginn,K032,1080187
2015,Hannover Region,Bestand_Jahresbeginn,K03241,587991
2015,Hannover Landeshauptstadt,Bestand_Jahresbeginn,K03241001,292121
2015,Diepholz,Bestand_Jahresbeginn,K03251,98143
2015,Hameln-Pyrmont,Bestand_Jahresbeginn,K03252,79906
2015,Hildesheim,Bestand_Jahresbeginn,K03254,140566
2015,Holzminden,Bestand_Jahresbeginn,K03255,38260
2015,Nienburg (Weser),Bestand_Jahresbeginn,K03256,56398
2015,Schaumburg,Bestand_Jahresbeginn,K03257,78923
2015,Lüneburg,Bestand_Jahresbeginn,K033,816272
2015,Celle,Bestand_Jahresbeginn,K03351,87944
2015,Cuxhaven,Bestand_Jahresbeginn,K03352,101530
2015,Harburg,Bestand_Jahresbeginn,K03353,116911
2015,Lüchow-Dannenberg,Bestand_Jahresbeginn,K03354,26248
2015,Lüneburg,Bestand_Jahresbeginn,K03355,86872
2015,Osterholz,Bestand_Jahresbeginn,K03356,51296
2015,Rotenburg (Wümme),Bestand_Jahresbeginn,K03357,74123
2015,Heidekreis,Bestand_Jahresbeginn,K03358,66984
2015,Stade,Bestand_Jahresbeginn,K03359,94507
2015,Uelzen,Bestand_Jahresbeginn,K03360,47710
2015,Verden,Bestand_Jahresbeginn,K03361,62147
2015,Weser-Ems,Bestand_Jahresbeginn,K034,1164537
2015,Delmenhorst.Stadt,Bestand_Jahresbeginn,K03401,38112
2015,Emden Stadt,Bestand_Jahresbeginn,K03402,26046
2015,Oldenburg (Oldb) Stadt,Bestand_Jahresbeginn,K03403,88504
2015,Osnabrück Stadt,Bestand_Jahresbeginn,K03404,85580
2015,Wilhelmshaven Stadt,Bestand_Jahresbeginn,K03405,45330
2015,Ammerland,Bestand_Jahresbeginn,K03451,56919
2015,Aurich,Bestand_Jahresbeginn,K03452,95372
2015,Cloppenburg,Bestand_Jahresbeginn,K03453,64171
2015,Emsland,Bestand_Jahresbeginn,K03454,133129
2015,Friesland,Bestand_Jahresbeginn,K03455,50721
2015,Grafschaft Bentheim,Bestand_Jahresbeginn,K03456,58963
2015,Leer,Bestand_Jahresbeginn,K03457,79035
2015,Oldenburg,Bestand_Jahresbeginn,K03458,56125
2015,Osnabrück,Bestand_Jahresbeginn,K03459,155487
2015,Vechta,Bestand_Jahresbeginn,K03460,55325
2015,Wesermarsch,Bestand_Jahresbeginn,K03461,45695
2015,Wittmund,Bestand_Jahresbeginn,K03462,30023
2016,Niedersachsen,Bestand_Jahresbeginn,K030,3914139
2016,Braunschweig,Bestand_Jahresbeginn,K031,830798
2016,Braunschweig Stadt,Bestand_Jahresbeginn,K03101,137475
2016,Salzgitter.Stadt,Bestand_Jahresbeginn,K03102,55249
2016,Wolfsburg.Stadt,Bestand_Jahresbeginn,K03103,64691
2016,Gifhorn,Bestand_Jahresbeginn,K03151,78369
2016,Goslar,Bestand_Jahresbeginn,K03153,80517
2016,Helmstedt,Bestand_Jahresbeginn,K03154,47691
2016,Northeim,Bestand_Jahresbeginn,K03155,69192
2016,Peine,Bestand_Jahresbeginn,K03157,62312
2016,Wolfenbüttel,Bestand_Jahresbeginn,K03158,60712
2016,Göttingen,Bestand_Jahresbeginn,K03159,174590
2016,Hannover,Bestand_Jahresbeginn,K032,1085005
2016,Hannover Region,Bestand_Jahresbeginn,K03241,590722
2016,Hannover Landeshauptstadt,Bestand_Jahresbeginn,K03241001,293352
2016,Diepholz,Bestand_Jahresbeginn,K03251,98892
2016,Hameln-Pyrmont,Bestand_Jahresbeginn,K03252,80053
2016,Hildesheim,Bestand_Jahresbeginn,K03254,141041
2016,Holzminden,Bestand_Jahresbeginn,K03255,38341
2016,Nienburg (Weser),Bestand_Jahresbeginn,K03256,56695
2016,Schaumburg,Bestand_Jahresbeginn,K03257,79261
2016,Lüneburg,Bestand_Jahresbeginn,K033,822487
2016,Celle,Bestand_Jahresbeginn,K03351,88333
2016,Cuxhaven,Bestand_Jahresbeginn,K03352,102130
2016,Harburg,Bestand_Jahresbeginn,K03353,117999
2016,Lüchow-Dannenberg,Bestand_Jahresbeginn,K03354,26325
2016,Lüneburg,Bestand_Jahresbeginn,K03355,87648
2016,Osterholz,Bestand_Jahresbeginn,K03356,51635
2016,Rotenburg (Wümme),Bestand_Jahresbeginn,K03357,74661
2016,Heidekreis,Bestand_Jahresbeginn,K03358,67239
2016,Stade,Bestand_Jahresbeginn,K03359,95870
2016,Uelzen,Bestand_Jahresbeginn,K03360,47821
2016,Verden,Bestand_Jahresbeginn,K03361,62826
2016,Weser-Ems,Bestand_Jahresbeginn,K034,1175849
2016,Delmenhorst.Stadt,Bestand_Jahresbeginn,K03401,38260
2016,Emden Stadt,Bestand_Jahresbeginn,K03402,26122
2016,Oldenburg (Oldb) Stadt,Bestand_Jahresbeginn,K03403,89598
2016,Osnabrück Stadt,Bestand_Jahresbeginn,K03404,86081
2016,Wilhelmshaven Stadt,Bestand_Jahresbeginn,K03405,45384
2016,Ammerland,Bestand_Jahresbeginn,K03451,57466
2016,Aurich,Bestand_Jahresbeginn,K03452,96192
2016,Cloppenburg,Bestand_Jahresbeginn,K03453,65096
2016,Emsland,Bestand_Jahresbeginn,K03454,135112
2016,Friesland,Bestand_Jahresbeginn,K03455,51110
2016,Grafschaft Bentheim,Bestand_Jahresbeginn,K03456,59728
2016,Leer,Bestand_Jahresbeginn,K03457,79966
2016,Oldenburg,Bestand_Jahresbeginn,K03458,56660
2016,Osnabrück,Bestand_Jahresbeginn,K03459,156730
2016,Vechta,Bestand_Jahresbeginn,K03460,56143
2016,Wesermarsch,Bestand_Jahresbeginn,K03461,45819
2016,Wittmund,Bestand_Jahresbeginn,K03462,30382
2017,Niedersachsen,Bestand_Jahresbeginn,K030,3943369
2017,Braunschweig,Bestand_Jahresbeginn,K031,834687
2017,Braunschweig Stadt,Bestand_Jahresbeginn,K03101,137907
2017,Salzgitter.Stadt,Bestand_Jahresbeginn,K03102,55328
2017,Wolfsburg.Stadt,Bestand_Jahresbeginn,K03103,65346
2017,Gifhorn,Bestand_Jahresbeginn,K03151,79101
2017,Goslar,Bestand_Jahresbeginn,K03153,80638
2017,Helmstedt,Bestand_Jahresbeginn,K03154,47931
2017,Northeim,Bestand_Jahresbeginn,K03155,69315
2017,Peine,Bestand_Jahresbeginn,K03157,62788
2017,Wolfenbüttel,Bestand_Jahresbeginn,K03158,61089
2017,Göttingen,Bestand_Jahresbeginn,K03159,175244
2017,Hannover,Bestand_Jahresbeginn,K032,1089713
2017,Hannover Region,Bestand_Jahresbeginn,K03241,593375
2017,Hannover Landeshauptstadt,Bestand_Jahresbeginn,K03241001,294257
2017,Diepholz,Bestand_Jahresbeginn,K03251,99661
2017,Hameln-Pyrmont,Bestand_Jahresbeginn,K03252,80146
2017,Hildesheim,Bestand_Jahresbeginn,K03254,141521
2017,Holzminden,Bestand_Jahresbeginn,K03255,38399
2017,Nienburg (Weser),Bestand_Jahresbeginn,K03256,57087
2017,Schaumburg,Bestand_Jahresbeginn,K03257,79524
2017,Lüneburg,Bestand_Jahresbeginn,K033,830154
2017,Celle,Bestand_Jahresbeginn,K03351,88856
2017,Cuxhaven,Bestand_Jahresbeginn,K03352,103005
2017,Harburg,Bestand_Jahresbeginn,K03353,119535
2017,Lüchow-Dannenberg,Bestand_Jahresbeginn,K03354,26491
2017,Lüneburg,Bestand_Jahresbeginn,K03355,88445
2017,Osterholz,Bestand_Jahresbeginn,K03356,51989
2017,Rotenburg (Wümme),Bestand_Jahresbeginn,K03357,75383
2017,Heidekreis,Bestand_Jahresbeginn,K03358,67715
2017,Stade,Bestand_Jahresbeginn,K03359,97083
2017,Uelzen,Bestand_Jahresbeginn,K03360,48234
2017,Verden,Bestand_Jahresbeginn,K03361,63418
2017,Weser-Ems,Bestand_Jahresbeginn,K034,1188815
2017,Delmenhorst.Stadt,Bestand_Jahresbeginn,K03401,38455
2017,Emden Stadt,Bestand_Jahresbeginn,K03402,26252
2017,Oldenburg (Oldb) Stadt,Bestand_Jahresbeginn,K03403,90940
2017,Osnabrück Stadt,Bestand_Jahresbeginn,K03404,86772
2017,Wilhelmshaven Stadt,Bestand_Jahresbeginn,K03405,45480
2017,Ammerland,Bestand_Jahresbeginn,K03451,58256
2017,Aurich,Bestand_Jahresbeginn,K03452,96986
2017,Cloppenburg,Bestand_Jahresbeginn,K03453,66430
2017,Emsland,Bestand_Jahresbeginn,K03454,137251
2017,Friesland,Bestand_Jahresbeginn,K03455,51649
2017,Grafschaft Bentheim,Bestand_Jahresbeginn,K03456,60308
2017,Leer,Bestand_Jahresbeginn,K03457,80828
2017,Oldenburg,Bestand_Jahresbeginn,K03458,57137
2017,Osnabrück,Bestand_Jahresbeginn,K03459,158010
2017,Vechta,Bestand_Jahresbeginn,K03460,57327
2017,Wesermarsch,Bestand_Jahresbeginn,K03461,46002
2017,Wittmund,Bestand_Jahresbeginn,K03462,30732
2018,Niedersachsen,Bestand_Jahresbeginn,K030,3971972
2018,Braunschweig,Bestand_Jahresbeginn,K031,838761
2018,Braunschweig Stadt,Bestand_Jahresbeginn,K03101,138206
2018,Salzgitter.Stadt,Bestand_Jahresbeginn,K03102,55435
2018,Wolfsburg.Stadt,Bestand_Jahresbeginn,K03103,65795
2018,Gifhorn,Bestand_Jahresbeginn,K03151,80129
2018,Goslar,Bestand_Jahresbeginn,K03153,80783
2018,Helmstedt,Bestand_Jahresbeginn,K03154,48183
2018,Northeim,Bestand_Jahresbeginn,K03155,69535
2018,Peine,Bestand_Jahresbeginn,K03157,63478
2018,Wolfenbüttel,Bestand_Jahresbeginn,K03158,61287
2018,Göttingen,Bestand_Jahresbeginn,K03159,175930
2018,Hannover,Bestand_Jahresbeginn,K032,1094726
2018,Hannover Region,Bestand_Jahresbeginn,K03241,596488
2018,Hannover Landeshauptstadt,Bestand_Jahresbeginn,K03241001,295357
2018,Diepholz,Bestand_Jahresbeginn,K03251,100371
2018,Hameln-Pyrmont,Bestand_Jahresbeginn,K03252,80288
2018,Hildesheim,Bestand_Jahresbeginn,K03254,141971
2018,Holzminden,Bestand_Jahresbeginn,K03255,38446
2018,Nienburg (Weser),Bestand_Jahresbeginn,K03256,57339
2018,Schaumburg,Bestand_Jahresbeginn,K03257,79823
2018,Lüneburg,Bestand_Jahresbeginn,K033,837157
2018,Celle,Bestand_Jahresbeginn,K03351,89201
2018,Cuxhaven,Bestand_Jahresbeginn,K03352,103738
2018,Harburg,Bestand_Jahresbeginn,K03353,120603
2018,Lüchow-Dannenberg,Bestand_Jahresbeginn,K03354,26530
2018,Lüneburg,Bestand_Jahresbeginn,K03355,89810
2018,Osterholz,Bestand_Jahresbeginn,K03356,52382
2018,Rotenburg (Wümme),Bestand_Jahresbeginn,K03357,76132
2018,Heidekreis,Bestand_Jahresbeginn,K03358,68016
2018,Stade,Bestand_Jahresbeginn,K03359,98424
2018,Uelzen,Bestand_Jahresbeginn,K03360,48364
2018,Verden,Bestand_Jahresbeginn,K03361,63957
2018,Weser-Ems,Bestand_Jahresbeginn,K034,1201328
2018,Delmenhorst.Stadt,Bestand_Jahresbeginn,K03401,38665
2018,Emden Stadt,Bestand_Jahresbeginn,K03402,26475
2018,Oldenburg (Oldb) Stadt,Bestand_Jahresbeginn,K03403,92270
2018,Osnabrück Stadt,Bestand_Jahresbeginn,K03404,87201
2018,Wilhelmshaven Stadt,Bestand_Jahresbeginn,K03405,45551
2018,Ammerland,Bestand_Jahresbeginn,K03451,58878
2018,Aurich,Bestand_Jahresbeginn,K03452,97755
2018,Cloppenburg,Bestand_Jahresbeginn,K03453,67720
2018,Emsland,Bestand_Jahresbeginn,K03454,139485
2018,Friesland,Bestand_Jahresbeginn,K03455,52130
2018,Grafschaft Bentheim,Bestand_Jahresbeginn,K03456,61140
2018,Leer,Bestand_Jahresbeginn,K03457,81741
2018,Oldenburg,Bestand_Jahresbeginn,K03458,57573
2018,Osnabrück,Bestand_Jahresbeginn,K03459,159311
2018,Vechta,Bestand_Jahresbeginn,K03460,58251
2018,Wesermarsch,Bestand_Jahresbeginn,K03461,46160
2018,Wittmund,Bestand_Jahresbeginn,K03462,31022
2012,Braunschweig,Bestand_Jahresende,K031,822205
2012,Braunschweig Stadt,Bestand_Jahresende,K03101,136237
2012,Salzgitter.Stadt,Bestand_Jahresende,K03102,55028
2012,Wolfsburg.Stadt,Bestand_Jahresende,K03103,63875
2012,Gifhorn,Bestand_Jahresende,K03151,76341
2012,Goslar,Bestand_Jahresende,K03153,80265
2012,Helmstedt,Bestand_Jahresende,K03154,47254
2012,Northeim,Bestand_Jahresende,K03155,68938
2012,Peine,Bestand_Jahresende,K03157,61174
2012,Wolfenbüttel,Bestand_Jahresende,K03158,60011
2012,Göttingen,Bestand_Jahresende,K03159,173082
2012,Hannover,Bestand_Jahresende,K032,1072232
2012,Hannover Region,Bestand_Jahresende,K03241,583514
2012,Hannover Landeshauptstadt,Bestand_Jahresende,K03241001,290418
2012,Diepholz,Bestand_Jahresende,K03251,96778
2012,Hameln-Pyrmont,Bestand_Jahresende,K03252,79505
2012,Hildesheim,Bestand_Jahresende,K03254,139773
2012,Holzminden,Bestand_Jahresende,K03255,38234
2012,Nienburg (Weser),Bestand_Jahresende,K03256,55935
2012,Schaumburg,Bestand_Jahresende,K03257,78493
2012,Lüneburg,Bestand_Jahresende,K033,805081
2012,Celle,Bestand_Jahresende,K03351,87243
2012,Cuxhaven,Bestand_Jahresende,K03352,100119
2012,Harburg,Bestand_Jahresende,K03353,114640
2012,Lüchow-Dannenberg,Bestand_Jahresende,K03354,26095
2012,Lüneburg,Bestand_Jahresende,K03355,85570
2012,Osterholz,Bestand_Jahresende,K03356,50700
2012,Rotenburg (Wümme),Bestand_Jahresende,K03357,73096
2012,Heidekreis,Bestand_Jahresende,K03358,66497
2012,Stade,Bestand_Jahresende,K03359,92584
2012,Uelzen,Bestand_Jahresende,K03360,47357
2012,Verden,Bestand_Jahresende,K03361,61180
2012,Weser-Ems,Bestand_Jahresende,K034,1140957
2012,Delmenhorst.Stadt,Bestand_Jahresende,K03401,37729
2012,Emden Stadt,Bestand_Jahresende,K03402,25641
2012,Oldenburg (Oldb) Stadt,Bestand_Jahresende,K03403,86642
2012,Osnabrück Stadt,Bestand_Jahresende,K03404,84790
2012,Wilhelmshaven Stadt,Bestand_Jahresende,K03405,45188
2012,Ammerland,Bestand_Jahresende,K03451,55334
2012,Aurich,Bestand_Jahresende,K03452,93614
2012,Cloppenburg,Bestand_Jahresende,K03453,61899
2012,Emsland,Bestand_Jahresende,K03454,128719
2012,Friesland,Bestand_Jahresende,K03455,49836
2012,Grafschaft Bentheim,Bestand_Jahresende,K03456,57425
2012,Leer,Bestand_Jahresende,K03457,77393
2012,Oldenburg,Bestand_Jahresende,K03458,55487
2012,Osnabrück,Bestand_Jahresende,K03459,153203
2012,Vechta,Bestand_Jahresende,K03460,53169
2012,Wesermarsch,Bestand_Jahresende,K03461,45386
2012,Wittmund,Bestand_Jahresende,K03462,29502
2013,Niedersachsen,Bestand_Jahresende,K030,3863171
2013,Braunschweig,Bestand_Jahresende,K031,824615
2013,Braunschweig Stadt,Bestand_Jahresende,K03101,136582
2013,Salzgitter.Stadt,Bestand_Jahresende,K03102,55136
2013,Wolfsburg.Stadt,Bestand_Jahresende,K03103,64068
2013,Gifhorn,Bestand_Jahresende,K03151,76953
2013,Goslar,Bestand_Jahresende,K03153,80335
2013,Helmstedt,Bestand_Jahresende,K03154,47376
2013,Northeim,Bestand_Jahresende,K03155,69004
2013,Peine,Bestand_Jahresende,K03157,61474
2013,Wolfenbüttel,Bestand_Jahresende,K03158,60179
2013,Göttingen,Bestand_Jahresende,K03159,173508
2013,Hannover,Bestand_Jahresende,K032,1075980
2013,Hannover Region,Bestand_Jahresende,K03241,585492
2013,Hannover Landeshauptstadt,Bestand_Jahresende,K03241001,291067
2013,Diepholz,Bestand_Jahresende,K03251,97446
2013,Hameln-Pyrmont,Bestand_Jahresende,K03252,79731
2013,Hildesheim,Bestand_Jahresende,K03254,140162
2013,Holzminden,Bestand_Jahresende,K03255,38245
2013,Nienburg (Weser),Bestand_Jahresende,K03256,56181
2013,Schaumburg,Bestand_Jahresende,K03257,78723
2013,Lüneburg,Bestand_Jahresende,K033,810367
2013,Celle,Bestand_Jahresende,K03351,87576
2013,Cuxhaven,Bestand_Jahresende,K03352,100744
2013,Harburg,Bestand_Jahresende,K03353,115761
2013,Lüchow-Dannenberg,Bestand_Jahresende,K03354,26148
2013,Lüneburg,Bestand_Jahresende,K03355,86345
2013,Osterholz,Bestand_Jahresende,K03356,50935
2013,Rotenburg (Wümme),Bestand_Jahresende,K03357,73502
2013,Heidekreis,Bestand_Jahresende,K03358,66718
2013,Stade,Bestand_Jahresende,K03359,93428
2013,Uelzen,Bestand_Jahresende,K03360,47511
2013,Verden,Bestand_Jahresende,K03361,61699
2013,Weser-Ems,Bestand_Jahresende,K034,1152209
2013,Delmenhorst.Stadt,Bestand_Jahresende,K03401,37886
2013,Emden Stadt,Bestand_Jahresende,K03402,25744
2013,Oldenburg (Oldb) Stadt,Bestand_Jahresende,K03403,87754
2013,Osnabrück Stadt,Bestand_Jahresende,K03404,85216
2013,Wilhelmshaven Stadt,Bestand_Jahresende,K03405,45205
2013,Ammerland,Bestand_Jahresende,K03451,56229
2013,Aurich,Bestand_Jahresende,K03452,94562
2013,Cloppenburg,Bestand_Jahresende,K03453,62949
2013,Emsland,Bestand_Jahresende,K03454,130666
2013,Friesland,Bestand_Jahresende,K03455,50184
2013,Grafschaft Bentheim,Bestand_Jahresende,K03456,58113
2013,Leer,Bestand_Jahresende,K03457,78229
2013,Oldenburg,Bestand_Jahresende,K03458,55780
2013,Osnabrück,Bestand_Jahresende,K03459,154159
2013,Vechta,Bestand_Jahresende,K03460,54242
2013,Wesermarsch,Bestand_Jahresende,K03461,45555
2013,Wittmund,Bestand_Jahresende,K03462,29736
2014,Niedersachsen,Bestand_Jahresende,K030,3888731
2014,Braunschweig,Bestand_Jahresende,K031,827735
2014,Braunschweig Stadt,Bestand_Jahresende,K03101,137072
2014,Salzgitter.Stadt,Bestand_Jahresende,K03102,55191
2014,Wolfsburg.Stadt,Bestand_Jahresende,K03103,64472
2014,Gifhorn,Bestand_Jahresende,K03151,77676
2014,Goslar,Bestand_Jahresende,K03153,80444
2014,Helmstedt,Bestand_Jahresende,K03154,47558
2014,Northeim,Bestand_Jahresende,K03155,69096
2014,Peine,Bestand_Jahresende,K03157,61768
2014,Wolfenbüttel,Bestand_Jahresende,K03158,60400
2014,Göttingen,Bestand_Jahresende,K03159,174058
2014,Hannover,Bestand_Jahresende,K032,1080187
2014,Hannover Region,Bestand_Jahresende,K03241,587991
2014,Hannover Landeshauptstadt,Bestand_Jahresende,K03241001,292121
2014,Diepholz,Bestand_Jahresende,K03251,98143
2014,Hameln-Pyrmont,Bestand_Jahresende,K03252,79906
2014,Hildesheim,Bestand_Jahresende,K03254,140566
2014,Holzminden,Bestand_Jahresende,K03255,38260
2014,Nienburg (Weser),Bestand_Jahresende,K03256,56398
2014,Schaumburg,Bestand_Jahresende,K03257,78923
2014,Lüneburg,Bestand_Jahresende,K033,816272
2014,Celle,Bestand_Jahresende,K03351,87944
2014,Cuxhaven,Bestand_Jahresende,K03352,101530
2014,Harburg,Bestand_Jahresende,K03353,116911
2014,Lüchow-Dannenberg,Bestand_Jahresende,K03354,26248
2014,Lüneburg,Bestand_Jahresende,K03355,86872
2014,Osterholz,Bestand_Jahresende,K03356,51296
2014,Rotenburg (Wümme),Bestand_Jahresende,K03357,74123
2014,Heidekreis,Bestand_Jahresende,K03358,66984
2014,Stade,Bestand_Jahresende,K03359,94507
2014,Uelzen,Bestand_Jahresende,K03360,47710
2014,Verden,Bestand_Jahresende,K03361,62147
2014,Weser-Ems,Bestand_Jahresende,K034,1164537
2014,Delmenhorst.Stadt,Bestand_Jahresende,K03401,38112
2014,Emden Stadt,Bestand_Jahresende,K03402,26046
2014,Oldenburg (Oldb) Stadt,Bestand_Jahresende,K03403,88504
2014,Osnabrück Stadt,Bestand_Jahresende,K03404,85580
2014,Wilhelmshaven Stadt,Bestand_Jahresende,K03405,45330
2014,Ammerland,Bestand_Jahresende,K03451,56919
2014,Aurich,Bestand_Jahresende,K03452,95372
2014,Cloppenburg,Bestand_Jahresende,K03453,64171
2014,Emsland,Bestand_Jahresende,K03454,133129
2014,Friesland,Bestand_Jahresende,K03455,50721
2014,Grafschaft Bentheim,Bestand_Jahresende,K03456,58963
2014,Leer,Bestand_Jahresende,K03457,79035
2014,Oldenburg,Bestand_Jahresende,K03458,56125
2014,Osnabrück,Bestand_Jahresende,K03459,155487
2014,Vechta,Bestand_Jahresende,K03460,55325
2014,Wesermarsch,Bestand_Jahresende,K03461,45695
2014,Wittmund,Bestand_Jahresende,K03462,30023
2015,Niedersachsen,Bestand_Jahresende,K030,3914139
2015,Braunschweig,Bestand_Jahresende,K031,830798
2015,Braunschweig Stadt,Bestand_Jahresende,K03101,137475
2015,Salzgitter.Stadt,Bestand_Jahresende,K03102,55249
2015,Wolfsburg.Stadt,Bestand_Jahresende,K03103,64691
2015,Gifhorn,Bestand_Jahresende,K03151,78369
2015,Goslar,Bestand_Jahresende,K03153,80517
2015,Helmstedt,Bestand_Jahresende,K03154,47691
2015,Northeim,Bestand_Jahresende,K03155,69192
2015,Peine,Bestand_Jahresende,K03157,62312
2015,Wolfenbüttel,Bestand_Jahresende,K03158,60712
2015,Göttingen,Bestand_Jahresende,K03159,174590
2015,Hannover,Bestand_Jahresende,K032,1085005
2015,Hannover Region,Bestand_Jahresende,K03241,590722
2015,Hannover Landeshauptstadt,Bestand_Jahresende,K03241001,293352
2015,Diepholz,Bestand_Jahresende,K03251,98892
2015,Hameln-Pyrmont,Bestand_Jahresende,K03252,80053
2015,Hildesheim,Bestand_Jahresende,K03254,141041
2015,Holzminden,Bestand_Jahresende,K03255,38341
2015,Nienburg (Weser),Bestand_Jahresende,K03256,56695
2015,Schaumburg,Bestand_Jahresende,K03257,79261
2015,Lüneburg,Bestand_Jahresende,K033,822487
2015,Celle,Bestand_Jahresende,K03351,88333
2015,Cuxhaven,Bestand_Jahresende,K03352,102130
2015,Harburg,Bestand_Jahresende,K03353,117999
2015,Lüchow-Dannenberg,Bestand_Jahresende,K03354,26325
2015,Lüneburg,Bestand_Jahresende,K03355,87648
2015,Osterholz,Bestand_Jahresende,K03356,51635
2015,Rotenburg (Wümme),Bestand_Jahresende,K03357,74661
2015,Heidekreis,Bestand_Jahresende,K03358,67239
2015,Stade,Bestand_Jahresende,K03359,95870
2015,Uelzen,Bestand_Jahresende,K03360,47821
2015,Verden,Bestand_Jahresende,K03361,62826
2015,Weser-Ems,Bestand_Jahresende,K034,1175849
2015,Delmenhorst.Stadt,Bestand_Jahresende,K03401,38260
2015,Emden Stadt,Bestand_Jahresende,K03402,26122
2015,Oldenburg (Oldb) Stadt,Bestand_Jahresende,K03403,89598
2015,Osnabrück Stadt,Bestand_Jahresende,K03404,86081
2015,Wilhelmshaven Stadt,Bestand_Jahresende,K03405,45384
2015,Ammerland,Bestand_Jahresende,K03451,57466
2015,Aurich,Bestand_Jahresende,K03452,96192
2015,Cloppenburg,Bestand_Jahresende,K03453,65096
2015,Emsland,Bestand_Jahresende,K03454,135112
2015,Friesland,Bestand_Jahresende,K03455,51110
2015,Grafschaft Bentheim,Bestand_Jahresende,K03456,59728
2015,Leer,Bestand_Jahresende,K03457,79966
2015,Oldenburg,Bestand_Jahresende,K03458,56660
2015,Osnabrück,Bestand_Jahresende,K03459,156730
2015,Vechta,Bestand_Jahresende,K03460,56143
2015,Wesermarsch,Bestand_Jahresende,K03461,45819
2015,Wittmund,Bestand_Jahresende,K03462,30382
2016,Niedersachsen,Bestand_Jahresende,K030,3943369
2016,Braunschweig,Bestand_Jahresende,K031,834687
2016,Braunschweig Stadt,Bestand_Jahresende,K03101,137907
2016,Salzgitter.Stadt,Bestand_Jahresende,K03102,55328
2016,Wolfsburg.Stadt,Bestand_Jahresende,K03103,65346
2016,Gifhorn,Bestand_Jahresende,K03151,79101
2016,Goslar,Bestand_Jahresende,K03153,80638
2016,Helmstedt,Bestand_Jahresende,K03154,47931
2016,Northeim,Bestand_Jahresende,K03155,69315
2016,Peine,Bestand_Jahresende,K03157,62788
2016,Wolfenbüttel,Bestand_Jahresende,K03158,61089
2016,Göttingen,Bestand_Jahresende,K03159,175244
2016,Hannover,Bestand_Jahresende,K032,1089713
2016,Hannover Region,Bestand_Jahresende,K03241,593375
2016,Hannover Landeshauptstadt,Bestand_Jahresende,K03241001,294257
2016,Diepholz,Bestand_Jahresende,K03251,99661
2016,Hameln-Pyrmont,Bestand_Jahresende,K03252,80146
2016,Hildesheim,Bestand_Jahresende,K03254,141521
2016,Holzminden,Bestand_Jahresende,K03255,38399
2016,Nienburg (Weser),Bestand_Jahresende,K03256,57087
2016,Schaumburg,Bestand_Jahresende,K03257,79524
2016,Lüneburg,Bestand_Jahresende,K033,830154
2016,Celle,Bestand_Jahresende,K03351,88856
2016,Cuxhaven,Bestand_Jahresende,K03352,103005
2016,Harburg,Bestand_Jahresende,K03353,119535
2016,Lüchow-Dannenberg,Bestand_Jahresende,K03354,26491
2016,Lüneburg,Bestand_Jahresende,K03355,88445
2016,Osterholz,Bestand_Jahresende,K03356,51989
2016,Rotenburg (Wümme),Bestand_Jahresende,K03357,75383
2016,Heidekreis,Bestand_Jahresende,K03358,67715
2016,Stade,Bestand_Jahresende,K03359,97083
2016,Uelzen,Bestand_Jahresende,K03360,48234
2016,Verden,Bestand_Jahresende,K03361,63418
2016,Weser-Ems,Bestand_Jahresende,K034,1188815
2016,Delmenhorst.Stadt,Bestand_Jahresende,K03401,38455
2016,Emden Stadt,Bestand_Jahresende,K03402,26252
2016,Oldenburg (Oldb) Stadt,Bestand_Jahresende,K03403,90940
2016,Osnabrück Stadt,Bestand_Jahresende,K03404,86772
2016,Wilhelmshaven Stadt,Bestand_Jahresende,K03405,45480
2016,Ammerland,Bestand_Jahresende,K03451,58256
2016,Aurich,Bestand_Jahresende,K03452,96986
2016,Cloppenburg,Bestand_Jahresende,K03453,66430
2016,Emsland,Bestand_Jahresende,K03454,137251
2016,Friesland,Bestand_Jahresende,K03455,51649
2016,Grafschaft Bentheim,Bestand_Jahresende,K03456,60308
2016,Leer,Bestand_Jahresende,K03457,80828
2016,Oldenburg,Bestand_Jahresende,K03458,57137
2016,Osnabrück,Bestand_Jahresende,K03459,158010
2016,Vechta,Bestand_Jahresende,K03460,57327
2016,Wesermarsch,Bestand_Jahresende,K03461,46002
2016,Wittmund,Bestand_Jahresende,K03462,30732
2017,Niedersachsen,Bestand_Jahresende,K030,3971972
2017,Braunschweig,Bestand_Jahresende,K031,838761
2017,Braunschweig Stadt,Bestand_Jahresende,K03101,138206
2017,Salzgitter.Stadt,Bestand_Jahresende,K03102,55435
2017,Wolfsburg.Stadt,Bestand_Jahresende,K03103,65795
2017,Gifhorn,Bestand_Jahresende,K03151,80129
2017,Goslar,Bestand_Jahresende,K03153,80783
2017,Helmstedt,Bestand_Jahresende,K03154,48183
2017,Northeim,Bestand_Jahresende,K03155,69535
2017,Peine,Bestand_Jahresende,K03157,63478
2017,Wolfenbüttel,Bestand_Jahresende,K03158,61287
2017,Göttingen,Bestand_Jahresende,K03159,175930
2017,Hannover,Bestand_Jahresende,K032,1094726
2017,Hannover Region,Bestand_Jahresende,K03241,596488
2017,Hannover Landeshauptstadt,Bestand_Jahresende,K03241001,295357
2017,Diepholz,Bestand_Jahresende,K03251,100371
2017,Hameln-Pyrmont,Bestand_Jahresende,K03252,80288
2017,Hildesheim,Bestand_Jahresende,K03254,141971
2017,Holzminden,Bestand_Jahresende,K03255,38446
2017,Nienburg (Weser),Bestand_Jahresende,K03256,57339
2017,Schaumburg,Bestand_Jahresende,K03257,79823
2017,Lüneburg,Bestand_Jahresende,K033,837157
2017,Celle,Bestand_Jahresende,K03351,89201
2017,Cuxhaven,Bestand_Jahresende,K03352,103738
2017,Harburg,Bestand_Jahresende,K03353,120603
2017,Lüchow-Dannenberg,Bestand_Jahresende,K03354,26530
2017,Lüneburg,Bestand_Jahresende,K03355,89810
2017,Osterholz,Bestand_Jahresende,K03356,52382
2017,Rotenburg (Wümme),Bestand_Jahresende,K03357,76132
2017,Heidekreis,Bestand_Jahresende,K03358,68016
2017,Stade,Bestand_Jahresende,K03359,98424
2017,Uelzen,Bestand_Jahresende,K03360,48364
2017,Verden,Bestand_Jahresende,K03361,63957
2017,Weser-Ems,Bestand_Jahresende,K034,1201328
2017,Delmenhorst.Stadt,Bestand_Jahresende,K03401,38665
2017,Emden Stadt,Bestand_Jahresende,K03402,26475
2017,Oldenburg (Oldb) Stadt,Bestand_Jahresende,K03403,92270
2017,Osnabrück Stadt,Bestand_Jahresende,K03404,87201
2017,Wilhelmshaven Stadt,Bestand_Jahresende,K03405,45551
2017,Ammerland,Bestand_Jahresende,K03451,58878
2017,Aurich,Bestand_Jahresende,K03452,97755
2017,Cloppenburg,Bestand_Jahresende,K03453,67720
2017,Emsland,Bestand_Jahresende,K03454,139485
2017,Friesland,Bestand_Jahresende,K03455,52130
2017,Grafschaft Bentheim,Bestand_Jahresende,K03456,61140
2017,Leer,Bestand_Jahresende,K03457,81741
2017,Oldenburg,Bestand_Jahresende,K03458,57573
2017,Osnabrück,Bestand_Jahresende,K03459,159311
2017,Vechta,Bestand_Jahresende,K03460,58251
2017,Wesermarsch,Bestand_Jahresende,K03461,46160
2017,Wittmund,Bestand_Jahresende,K03462,31022
2018,Niedersachsen,Bestand_Jahresende,K030,3999256
2018,Braunschweig,Bestand_Jahresende,K031,842376
2018,Braunschweig Stadt,Bestand_Jahresende,K03101,138836
2018,Salzgitter.Stadt,Bestand_Jahresende,K03102,55515
2018,Wolfsburg.Stadt,Bestand_Jahresende,K03103,66015
2018,Gifhorn,Bestand_Jahresende,K03151,80960
2018,Goslar,Bestand_Jahresende,K03153,80850
2018,Helmstedt,Bestand_Jahresende,K03154,48470
2018,Northeim,Bestand_Jahresende,K03155,69739
2018,Peine,Bestand_Jahresende,K03157,64003
2018,Wolfenbüttel,Bestand_Jahresende,K03158,61543
2018,Göttingen,Bestand_Jahresende,K03159,176445
2018,Hannover,Bestand_Jahresende,K032,1100175
2018,Hannover Region,Bestand_Jahresende,K03241,599673
2018,Hannover Landeshauptstadt,Bestand_Jahresende,K03241001,296889
2018,Diepholz,Bestand_Jahresende,K03251,101148
2018,Hameln-Pyrmont,Bestand_Jahresende,K03252,80392
2018,Hildesheim,Bestand_Jahresende,K03254,142530
2018,Holzminden,Bestand_Jahresende,K03255,38515
2018,Nienburg (Weser),Bestand_Jahresende,K03256,57692
2018,Schaumburg,Bestand_Jahresende,K03257,80225
2018,Lüneburg,Bestand_Jahresende,K033,843170
2018,Celle,Bestand_Jahresende,K03351,89768
2018,Cuxhaven,Bestand_Jahresende,K03352,104308
2018,Harburg,Bestand_Jahresende,K03353,121465
2018,Lüchow-Dannenberg,Bestand_Jahresende,K03354,26629
2018,Lüneburg,Bestand_Jahresende,K03355,90419
2018,Osterholz,Bestand_Jahresende,K03356,52746
2018,Rotenburg (Wümme),Bestand_Jahresende,K03357,76760
2018,Heidekreis,Bestand_Jahresende,K03358,68359
2018,Stade,Bestand_Jahresende,K03359,99807
2018,Uelzen,Bestand_Jahresende,K03360,48543
2018,Verden,Bestand_Jahresende,K03361,64366
2018,Weser-Ems,Bestand_Jahresende,K034,1213535
2018,Delmenhorst.Stadt,Bestand_Jahresende,K03401,38884
2018,Emden Stadt,Bestand_Jahresende,K03402,26541
2018,Oldenburg (Oldb) Stadt,Bestand_Jahresende,K03403,93475
2018,Osnabrück Stadt,Bestand_Jahresende,K03404,87777
2018,Wilhelmshaven Stadt,Bestand_Jahresende,K03405,45672
2018,Ammerland,Bestand_Jahresende,K03451,59683
2018,Aurich,Bestand_Jahresende,K03452,98330
2018,Cloppenburg,Bestand_Jahresende,K03453,69039
2018,Emsland,Bestand_Jahresende,K03454,141386
2018,Friesland,Bestand_Jahresende,K03455,52706
2018,Grafschaft Bentheim,Bestand_Jahresende,K03456,61672
2018,Leer,Bestand_Jahresende,K03457,82448
2018,Oldenburg,Bestand_Jahresende,K03458,58197
2018,Osnabrück,Bestand_Jahresende,K03459,160702
2018,Vechta,Bestand_Jahresende,K03460,59344
2018,Wesermarsch,Bestand_Jahresende,K03461,46418
2018,Wittmund,Bestand_Jahresende,K03462,31261
2012,Niedersachsen,Veraenderung_Insgesamt,K030,19916
2012,Braunschweig,Veraenderung_Insgesamt,K031,1839
2012,Braunschweig Stadt,Veraenderung_Insgesamt,K03101,514
2012,Salzgitter.Stadt,Veraenderung_Insgesamt,K03102,62
2012,Wolfsburg.Stadt,Veraenderung_Insgesamt,K03103,-37
2012,Gifhorn,Veraenderung_Insgesamt,K03151,409
2012,Goslar,Veraenderung_Insgesamt,K03153,32
2012,Helmstedt,Veraenderung_Insgesamt,K03154,49
2012,Northeim,Veraenderung_Insgesamt,K03155,80
2012,Peine,Veraenderung_Insgesamt,K03157,262
2012,Wolfenbüttel,Veraenderung_Insgesamt,K03158,165
2012,Göttingen,Veraenderung_Insgesamt,K03159,303
2012,Hannover,Veraenderung_Insgesamt,K032,4169
2012,Hannover Region,Veraenderung_Insgesamt,K03241,2506
2012,Hannover Landeshauptstadt,Veraenderung_Insgesamt,K03241001,1019
2012,Diepholz,Veraenderung_Insgesamt,K03251,789
2012,Hameln-Pyrmont,Veraenderung_Insgesamt,K03252,104
2012,Hildesheim,Veraenderung_Insgesamt,K03254,243
2012,Holzminden,Veraenderung_Insgesamt,K03255,48
2012,Nienburg (Weser),Veraenderung_Insgesamt,K03256,229
2012,Schaumburg,Veraenderung_Insgesamt,K03257,250
2012,Lüneburg,Veraenderung_Insgesamt,K033,4287
2012,Celle,Veraenderung_Insgesamt,K03351,130
2012,Cuxhaven,Veraenderung_Insgesamt,K03352,618
2012,Harburg,Veraenderung_Insgesamt,K03353,1000
2012,Lüchow-Dannenberg,Veraenderung_Insgesamt,K03354,40
2012,Lüneburg,Veraenderung_Insgesamt,K03355,640
2012,Osterholz,Veraenderung_Insgesamt,K03356,318
2012,Rotenburg (Wümme),Veraenderung_Insgesamt,K03357,434
2012,Heidekreis,Veraenderung_Insgesamt,K03358,152
2012,Stade,Veraenderung_Insgesamt,K03359,788
2012,Uelzen,Veraenderung_Insgesamt,K03360,107
2012,Verden,Veraenderung_Insgesamt,K03361,60
2012,Weser-Ems,Veraenderung_Insgesamt,K034,9621
2012,Delmenhorst.Stadt,Veraenderung_Insgesamt,K03401,186
2012,Emden Stadt,Veraenderung_Insgesamt,K03402,101
2012,Oldenburg (Oldb) Stadt,Veraenderung_Insgesamt,K03403,1060
2012,Osnabrück Stadt,Veraenderung_Insgesamt,K03404,306
2012,Wilhelmshaven Stadt,Veraenderung_Insgesamt,K03405,64
2012,Ammerland,Veraenderung_Insgesamt,K03451,683
2012,Aurich,Veraenderung_Insgesamt,K03452,656
2012,Cloppenburg,Veraenderung_Insgesamt,K03453,884
2012,Emsland,Veraenderung_Insgesamt,K03454,1840
2012,Friesland,Veraenderung_Insgesamt,K03455,308
2012,Grafschaft Bentheim,Veraenderung_Insgesamt,K03456,478
2012,Leer,Veraenderung_Insgesamt,K03457,650
2012,Oldenburg,Veraenderung_Insgesamt,K03458,287
2012,Osnabrück,Veraenderung_Insgesamt,K03459,991
2012,Vechta,Veraenderung_Insgesamt,K03460,799
2012,Wesermarsch,Veraenderung_Insgesamt,K03461,124
2012,Wittmund,Veraenderung_Insgesamt,K03462,204
2013,Niedersachsen,Veraenderung_Insgesamt,K030,22696
2013,Braunschweig,Veraenderung_Insgesamt,K031,2410
2013,Braunschweig Stadt,Veraenderung_Insgesamt,K03101,345
2013,Salzgitter.Stadt,Veraenderung_Insgesamt,K03102,108
2013,Wolfsburg.Stadt,Veraenderung_Insgesamt,K03103,193
2013,Gifhorn,Veraenderung_Insgesamt,K03151,612
2013,Goslar,Veraenderung_Insgesamt,K03153,70
2013,Helmstedt,Veraenderung_Insgesamt,K03154,122
2013,Northeim,Veraenderung_Insgesamt,K03155,66
2013,Peine,Veraenderung_Insgesamt,K03157,300
2013,Wolfenbüttel,Veraenderung_Insgesamt,K03158,168
2013,Göttingen,Veraenderung_Insgesamt,K03159,426
2013,Hannover,Veraenderung_Insgesamt,K032,3748
2013,Hannover Region,Veraenderung_Insgesamt,K03241,1978
2013,Hannover Landeshauptstadt,Veraenderung_Insgesamt,K03241001,649
2013,Diepholz,Veraenderung_Insgesamt,K03251,668
2013,Hameln-Pyrmont,Veraenderung_Insgesamt,K03252,226
2013,Hildesheim,Veraenderung_Insgesamt,K03254,389
2013,Holzminden,Veraenderung_Insgesamt,K03255,11
2013,Nienburg (Weser),Veraenderung_Insgesamt,K03256,246
2013,Schaumburg,Veraenderung_Insgesamt,K03257,230
2013,Lüneburg,Veraenderung_Insgesamt,K033,5286
2013,Celle,Veraenderung_Insgesamt,K03351,333
2013,Cuxhaven,Veraenderung_Insgesamt,K03352,625
2013,Harburg,Veraenderung_Insgesamt,K03353,1121
2013,Lüchow-Dannenberg,Veraenderung_Insgesamt,K03354,53
2013,Lüneburg,Veraenderung_Insgesamt,K03355,775
2013,Osterholz,Veraenderung_Insgesamt,K03356,235
2013,Rotenburg (Wümme),Veraenderung_Insgesamt,K03357,406
2013,Heidekreis,Veraenderung_Insgesamt,K03358,221
2013,Stade,Veraenderung_Insgesamt,K03359,844
2013,Uelzen,Veraenderung_Insgesamt,K03360,154
2013,Verden,Veraenderung_Insgesamt,K03361,519
2013,Weser-Ems,Veraenderung_Insgesamt,K034,11252
2013,Delmenhorst.Stadt,Veraenderung_Insgesamt,K03401,157
2013,Emden Stadt,Veraenderung_Insgesamt,K03402,103
2013,Oldenburg (Oldb) Stadt,Veraenderung_Insgesamt,K03403,1112
2013,Osnabrück Stadt,Veraenderung_Insgesamt,K03404,426
2013,Wilhelmshaven Stadt,Veraenderung_Insgesamt,K03405,17
2013,Ammerland,Veraenderung_Insgesamt,K03451,895
2013,Aurich,Veraenderung_Insgesamt,K03452,948
2013,Cloppenburg,Veraenderung_Insgesamt,K03453,1050
2013,Emsland,Veraenderung_Insgesamt,K03454,1947
2013,Friesland,Veraenderung_Insgesamt,K03455,348
2013,Grafschaft Bentheim,Veraenderung_Insgesamt,K03456,688
2013,Leer,Veraenderung_Insgesamt,K03457,836
2013,Oldenburg,Veraenderung_Insgesamt,K03458,293
2013,Osnabrück,Veraenderung_Insgesamt,K03459,956
2013,Vechta,Veraenderung_Insgesamt,K03460,1073
2013,Wesermarsch,Veraenderung_Insgesamt,K03461,169
2013,Wittmund,Veraenderung_Insgesamt,K03462,234
2014,Niedersachsen,Veraenderung_Insgesamt,K030,25560
2014,Braunschweig,Veraenderung_Insgesamt,K031,3120
2014,Braunschweig Stadt,Veraenderung_Insgesamt,K03101,490
2014,Salzgitter.Stadt,Veraenderung_Insgesamt,K03102,55
2014,Wolfsburg.Stadt,Veraenderung_Insgesamt,K03103,404
2014,Gifhorn,Veraenderung_Insgesamt,K03151,723
2014,Goslar,Veraenderung_Insgesamt,K03153,109
2014,Helmstedt,Veraenderung_Insgesamt,K03154,182
2014,Northeim,Veraenderung_Insgesamt,K03155,92
2014,Peine,Veraenderung_Insgesamt,K03157,294
2014,Wolfenbüttel,Veraenderung_Insgesamt,K03158,221
2014,Göttingen,Veraenderung_Insgesamt,K03159,550
2014,Hannover,Veraenderung_Insgesamt,K032,4207
2014,Hannover Region,Veraenderung_Insgesamt,K03241,2499
2014,Hannover Landeshauptstadt,Veraenderung_Insgesamt,K03241001,1054
2014,Diepholz,Veraenderung_Insgesamt,K03251,697
2014,Hameln-Pyrmont,Veraenderung_Insgesamt,K03252,175
2014,Hildesheim,Veraenderung_Insgesamt,K03254,404
2014,Holzminden,Veraenderung_Insgesamt,K03255,15
2014,Nienburg (Weser),Veraenderung_Insgesamt,K03256,217
2014,Schaumburg,Veraenderung_Insgesamt,K03257,200
2014,Lüneburg,Veraenderung_Insgesamt,K033,5905
2014,Celle,Veraenderung_Insgesamt,K03351,368
2014,Cuxhaven,Veraenderung_Insgesamt,K03352,786
2014,Harburg,Veraenderung_Insgesamt,K03353,1150
2014,Lüchow-Dannenberg,Veraenderung_Insgesamt,K03354,100
2014,Lüneburg,Veraenderung_Insgesamt,K03355,527
2014,Osterholz,Veraenderung_Insgesamt,K03356,361
2014,Rotenburg (Wümme),Veraenderung_Insgesamt,K03357,621
2014,Heidekreis,Veraenderung_Insgesamt,K03358,266
2014,Stade,Veraenderung_Insgesamt,K03359,1079
2014,Uelzen,Veraenderung_Insgesamt,K03360,199
2014,Verden,Veraenderung_Insgesamt,K03361,448
2014,Weser-Ems,Veraenderung_Insgesamt,K034,12328
2014,Delmenhorst.Stadt,Veraenderung_Insgesamt,K03401,226
2014,Emden Stadt,Veraenderung_Insgesamt,K03402,302
2014,Oldenburg (Oldb) Stadt,Veraenderung_Insgesamt,K03403,750
2014,Osnabrück Stadt,Veraenderung_Insgesamt,K03404,364
2014,Wilhelmshaven Stadt,Veraenderung_Insgesamt,K03405,125
2014,Ammerland,Veraenderung_Insgesamt,K03451,690
2014,Aurich,Veraenderung_Insgesamt,K03452,810
2014,Cloppenburg,Veraenderung_Insgesamt,K03453,1222
2014,Emsland,Veraenderung_Insgesamt,K03454,2463
2014,Friesland,Veraenderung_Insgesamt,K03455,537
2014,Grafschaft Bentheim,Veraenderung_Insgesamt,K03456,850
2014,Leer,Veraenderung_Insgesamt,K03457,806
2014,Oldenburg,Veraenderung_Insgesamt,K03458,345
2014,Osnabrück,Veraenderung_Insgesamt,K03459,1328
2014,Vechta,Veraenderung_Insgesamt,K03460,1083
2014,Wesermarsch,Veraenderung_Insgesamt,K03461,140
2014,Wittmund,Veraenderung_Insgesamt,K03462,287
2015,Niedersachsen,Veraenderung_Insgesamt,K030,25408
2015,Braunschweig,Veraenderung_Insgesamt,K031,3063
2015,Braunschweig Stadt,Veraenderung_Insgesamt,K03101,403
2015,Salzgitter.Stadt,Veraenderung_Insgesamt,K03102,58
2015,Wolfsburg.Stadt,Veraenderung_Insgesamt,K03103,219
2015,Gifhorn,Veraenderung_Insgesamt,K03151,693
2015,Goslar,Veraenderung_Insgesamt,K03153,73
2015,Helmstedt,Veraenderung_Insgesamt,K03154,133
2015,Northeim,Veraenderung_Insgesamt,K03155,96
2015,Peine,Veraenderung_Insgesamt,K03157,544
2015,Wolfenbüttel,Veraenderung_Insgesamt,K03158,312
2015,Göttingen,Veraenderung_Insgesamt,K03159,532
2015,Hannover,Veraenderung_Insgesamt,K032,4818
2015,Hannover Region,Veraenderung_Insgesamt,K03241,2731
2015,Hannover Landeshauptstadt,Veraenderung_Insgesamt,K03241001,1231
2015,Diepholz,Veraenderung_Insgesamt,K03251,749
2015,Hameln-Pyrmont,Veraenderung_Insgesamt,K03252,147
2015,Hildesheim,Veraenderung_Insgesamt,K03254,475
2015,Holzminden,Veraenderung_Insgesamt,K03255,81
2015,Nienburg (Weser),Veraenderung_Insgesamt,K03256,297
2015,Schaumburg,Veraenderung_Insgesamt,K03257,338
2015,Lüneburg,Veraenderung_Insgesamt,K033,6215
2015,Celle,Veraenderung_Insgesamt,K03351,389
2015,Cuxhaven,Veraenderung_Insgesamt,K03352,600
2015,Harburg,Veraenderung_Insgesamt,K03353,1088
2015,Lüchow-Dannenberg,Veraenderung_Insgesamt,K03354,77
2015,Lüneburg,Veraenderung_Insgesamt,K03355,776
2015,Osterholz,Veraenderung_Insgesamt,K03356,339
2015,Rotenburg (Wümme),Veraenderung_Insgesamt,K03357,538
2015,Heidekreis,Veraenderung_Insgesamt,K03358,255
2015,Stade,Veraenderung_Insgesamt,K03359,1363
2015,Uelzen,Veraenderung_Insgesamt,K03360,111
2015,Verden,Veraenderung_Insgesamt,K03361,679
2015,Weser-Ems,Veraenderung_Insgesamt,K034,11312
2015,Delmenhorst.Stadt,Veraenderung_Insgesamt,K03401,148
2015,Emden Stadt,Veraenderung_Insgesamt,K03402,76
2015,Oldenburg (Oldb) Stadt,Veraenderung_Insgesamt,K03403,1094
2015,Osnabrück Stadt,Veraenderung_Insgesamt,K03404,501
2015,Wilhelmshaven Stadt,Veraenderung_Insgesamt,K03405,54
2015,Ammerland,Veraenderung_Insgesamt,K03451,547
2015,Aurich,Veraenderung_Insgesamt,K03452,820
2015,Cloppenburg,Veraenderung_Insgesamt,K03453,925
2015,Emsland,Veraenderung_Insgesamt,K03454,1983
2015,Friesland,Veraenderung_Insgesamt,K03455,389
2015,Grafschaft Bentheim,Veraenderung_Insgesamt,K03456,765
2015,Leer,Veraenderung_Insgesamt,K03457,931
2015,Oldenburg,Veraenderung_Insgesamt,K03458,535
2015,Osnabrück,Veraenderung_Insgesamt,K03459,1243
2015,Vechta,Veraenderung_Insgesamt,K03460,818
2015,Wesermarsch,Veraenderung_Insgesamt,K03461,124
2015,Wittmund,Veraenderung_Insgesamt,K03462,359
2016,Niedersachsen,Veraenderung_Insgesamt,K030,29230
2016,Braunschweig,Veraenderung_Insgesamt,K031,3889
2016,Braunschweig Stadt,Veraenderung_Insgesamt,K03101,432
2016,Salzgitter.Stadt,Veraenderung_Insgesamt,K03102,79
2016,Wolfsburg.Stadt,Veraenderung_Insgesamt,K03103,655
2016,Gifhorn,Veraenderung_Insgesamt,K03151,732
2016,Goslar,Veraenderung_Insgesamt,K03153,121
2016,Helmstedt,Veraenderung_Insgesamt,K03154,240
2016,Northeim,Veraenderung_Insgesamt,K03155,123
2016,Peine,Veraenderung_Insgesamt,K03157,476
2016,Wolfenbüttel,Veraenderung_Insgesamt,K03158,377
2016,Göttingen,Veraenderung_Insgesamt,K03159,654
2016,Hannover,Veraenderung_Insgesamt,K032,4708
2016,Hannover Region,Veraenderung_Insgesamt,K03241,2653
2016,Hannover Landeshauptstadt,Veraenderung_Insgesamt,K03241001,905
2016,Diepholz,Veraenderung_Insgesamt,K03251,769
2016,Hameln-Pyrmont,Veraenderung_Insgesamt,K03252,93
2016,Hildesheim,Veraenderung_Insgesamt,K03254,480
2016,Holzminden,Veraenderung_Insgesamt,K03255,58
2016,Nienburg (Weser),Veraenderung_Insgesamt,K03256,392
2016,Schaumburg,Veraenderung_Insgesamt,K03257,263
2016,Lüneburg,Veraenderung_Insgesamt,K033,7667
2016,Celle,Veraenderung_Insgesamt,K03351,523
2016,Cuxhaven,Veraenderung_Insgesamt,K03352,875
2016,Harburg,Veraenderung_Insgesamt,K03353,1536
2016,Lüchow-Dannenberg,Veraenderung_Insgesamt,K03354,166
2016,Lüneburg,Veraenderung_Insgesamt,K03355,797
2016,Osterholz,Veraenderung_Insgesamt,K03356,354
2016,Rotenburg (Wümme),Veraenderung_Insgesamt,K03357,722
2016,Heidekreis,Veraenderung_Insgesamt,K03358,476
2016,Stade,Veraenderung_Insgesamt,K03359,1213
2016,Uelzen,Veraenderung_Insgesamt,K03360,413
2016,Verden,Veraenderung_Insgesamt,K03361,592
2016,Weser-Ems,Veraenderung_Insgesamt,K034,12966
2016,Delmenhorst.Stadt,Veraenderung_Insgesamt,K03401,195
2016,Emden Stadt,Veraenderung_Insgesamt,K03402,130
2016,Oldenburg (Oldb) Stadt,Veraenderung_Insgesamt,K03403,1342
2016,Osnabrück Stadt,Veraenderung_Insgesamt,K03404,691
2016,Wilhelmshaven Stadt,Veraenderung_Insgesamt,K03405,96
2016,Ammerland,Veraenderung_Insgesamt,K03451,790
2016,Aurich,Veraenderung_Insgesamt,K03452,794
2016,Cloppenburg,Veraenderung_Insgesamt,K03453,1334
2016,Emsland,Veraenderung_Insgesamt,K03454,2139
2016,Friesland,Veraenderung_Insgesamt,K03455,539
2016,Grafschaft Bentheim,Veraenderung_Insgesamt,K03456,580
2016,Leer,Veraenderung_Insgesamt,K03457,862
2016,Oldenburg,Veraenderung_Insgesamt,K03458,477
2016,Osnabrück,Veraenderung_Insgesamt,K03459,1280
2016,Vechta,Veraenderung_Insgesamt,K03460,1184
2016,Wesermarsch,Veraenderung_Insgesamt,K03461,183
2016,Wittmund,Veraenderung_Insgesamt,K03462,350
2017,Niedersachsen,Veraenderung_Insgesamt,K030,28603
2017,Braunschweig,Veraenderung_Insgesamt,K031,4074
2017,Braunschweig Stadt,Veraenderung_Insgesamt,K03101,299
2017,Salzgitter.Stadt,Veraenderung_Insgesamt,K03102,107
2017,Wolfsburg.Stadt,Veraenderung_Insgesamt,K03103,449
2017,Gifhorn,Veraenderung_Insgesamt,K03151,1028
2017,Goslar,Veraenderung_Insgesamt,K03153,145
2017,Helmstedt,Veraenderung_Insgesamt,K03154,252
2017,Northeim,Veraenderung_Insgesamt,K03155,220
2017,Peine,Veraenderung_Insgesamt,K03157,690
2017,Wolfenbüttel,Veraenderung_Insgesamt,K03158,198
2017,Göttingen,Veraenderung_Insgesamt,K03159,686
2017,Hannover,Veraenderung_Insgesamt,K032,5013
2017,Hannover Region,Veraenderung_Insgesamt,K03241,3113
2017,Hannover Landeshauptstadt,Veraenderung_Insgesamt,K03241001,1100
2017,Diepholz,Veraenderung_Insgesamt,K03251,710
2017,Hameln-Pyrmont,Veraenderung_Insgesamt,K03252,142
2017,Hildesheim,Veraenderung_Insgesamt,K03254,450
2017,Holzminden,Veraenderung_Insgesamt,K03255,47
2017,Nienburg (Weser),Veraenderung_Insgesamt,K03256,252
2017,Schaumburg,Veraenderung_Insgesamt,K03257,299
2017,Lüneburg,Veraenderung_Insgesamt,K033,7003
2017,Celle,Veraenderung_Insgesamt,K03351,345
2017,Cuxhaven,Veraenderung_Insgesamt,K03352,733
2017,Harburg,Veraenderung_Insgesamt,K03353,1068
2017,Lüchow-Dannenberg,Veraenderung_Insgesamt,K03354,39
2017,Lüneburg,Veraenderung_Insgesamt,K03355,1365
2017,Osterholz,Veraenderung_Insgesamt,K03356,393
2017,Rotenburg (Wümme),Veraenderung_Insgesamt,K03357,749
2017,Heidekreis,Veraenderung_Insgesamt,K03358,301
2017,Stade,Veraenderung_Insgesamt,K03359,1341
2017,Uelzen,Veraenderung_Insgesamt,K03360,130
2017,Verden,Veraenderung_Insgesamt,K03361,539
2017,Weser-Ems,Veraenderung_Insgesamt,K034,12513
2017,Delmenhorst.Stadt,Veraenderung_Insgesamt,K03401,210
2017,Emden Stadt,Veraenderung_Insgesamt,K03402,223
2017,Oldenburg (Oldb) Stadt,Veraenderung_Insgesamt,K03403,1330
2017,Osnabrück Stadt,Veraenderung_Insgesamt,K03404,429
2017,Wilhelmshaven Stadt,Veraenderung_Insgesamt,K03405,71
2017,Ammerland,Veraenderung_Insgesamt,K03451,622
2017,Aurich,Veraenderung_Insgesamt,K03452,769
2017,Cloppenburg,Veraenderung_Insgesamt,K03453,1290
2017,Emsland,Veraenderung_Insgesamt,K03454,2234
2017,Friesland,Veraenderung_Insgesamt,K03455,481
2017,Grafschaft Bentheim,Veraenderung_Insgesamt,K03456,832
2017,Leer,Veraenderung_Insgesamt,K03457,913
2017,Oldenburg,Veraenderung_Insgesamt,K03458,436
2017,Osnabrück,Veraenderung_Insgesamt,K03459,1301
2017,Vechta,Veraenderung_Insgesamt,K03460,924
2017,Wesermarsch,Veraenderung_Insgesamt,K03461,158
2017,Wittmund,Veraenderung_Insgesamt,K03462,290
2018,Niedersachsen,Veraenderung_Insgesamt,K030,27284
2018,Braunschweig,Veraenderung_Insgesamt,K031,3615
2018,Braunschweig Stadt,Veraenderung_Insgesamt,K03101,630
2018,Salzgitter.Stadt,Veraenderung_Insgesamt,K03102,80
2018,Wolfsburg.Stadt,Veraenderung_Insgesamt,K03103,220
2018,Gifhorn,Veraenderung_Insgesamt,K03151,831
2018,Goslar,Veraenderung_Insgesamt,K03153,67
2018,Helmstedt,Veraenderung_Insgesamt,K03154,287
2018,Northeim,Veraenderung_Insgesamt,K03155,204
2018,Peine,Veraenderung_Insgesamt,K03157,525
2018,Wolfenbüttel,Veraenderung_Insgesamt,K03158,256
2018,Göttingen,Veraenderung_Insgesamt,K03159,515
2018,Hannover,Veraenderung_Insgesamt,K032,5449
2018,Hannover Region,Veraenderung_Insgesamt,K03241,3185
2018,Hannover Landeshauptstadt,Veraenderung_Insgesamt,K03241001,1532
2018,Diepholz,Veraenderung_Insgesamt,K03251,777
2018,Hameln-Pyrmont,Veraenderung_Insgesamt,K03252,104
2018,Hildesheim,Veraenderung_Insgesamt,K03254,559
2018,Holzminden,Veraenderung_Insgesamt,K03255,69
2018,Nienburg (Weser),Veraenderung_Insgesamt,K03256,353
2018,Schaumburg,Veraenderung_Insgesamt,K03257,402
2018,Lüneburg,Veraenderung_Insgesamt,K033,6013
2018,Celle,Veraenderung_Insgesamt,K03351,567
2018,Cuxhaven,Veraenderung_Insgesamt,K03352,570
2018,Harburg,Veraenderung_Insgesamt,K03353,862
2018,Lüchow-Dannenberg,Veraenderung_Insgesamt,K03354,99
2018,Lüneburg,Veraenderung_Insgesamt,K03355,609
2018,Osterholz,Veraenderung_Insgesamt,K03356,364
2018,Rotenburg (Wümme),Veraenderung_Insgesamt,K03357,628
2018,Heidekreis,Veraenderung_Insgesamt,K03358,343
2018,Stade,Veraenderung_Insgesamt,K03359,1383
2018,Uelzen,Veraenderung_Insgesamt,K03360,179
2018,Verden,Veraenderung_Insgesamt,K03361,409
2018,Weser-Ems,Veraenderung_Insgesamt,K034,12207
2018,Delmenhorst.Stadt,Veraenderung_Insgesamt,K03401,219
2018,Emden Stadt,Veraenderung_Insgesamt,K03402,66
2018,Oldenburg (Oldb) Stadt,Veraenderung_Insgesamt,K03403,1205
2018,Osnabrück Stadt,Veraenderung_Insgesamt,K03404,576
2018,Wilhelmshaven Stadt,Veraenderung_Insgesamt,K03405,121
2018,Ammerland,Veraenderung_Insgesamt,K03451,805
2018,Aurich,Veraenderung_Insgesamt,K03452,575
2018,Cloppenburg,Veraenderung_Insgesamt,K03453,1319
2018,Emsland,Veraenderung_Insgesamt,K03454,1901
2018,Friesland,Veraenderung_Insgesamt,K03455,576
2018,Grafschaft Bentheim,Veraenderung_Insgesamt,K03456,532
2018,Leer,Veraenderung_Insgesamt,K03457,707
2018,Oldenburg,Veraenderung_Insgesamt,K03458,624
2018,Osnabrück,Veraenderung_Insgesamt,K03459,1391
2018,Vechta,Veraenderung_Insgesamt,K03460,1093
2018,Wesermarsch,Veraenderung_Insgesamt,K03461,258
2018,Wittmund,Veraenderung_Insgesamt,K03462,239
