Year,Gebietseinheit,Kategorien,GeoCode,Value
2012,Niedersachsen,Bestand_Jahresbeginn,K030,3820559.0
2012,Braunschweig,Bestand_Jahresbeginn,K031,820366.0
2012,Braunschweig Stadt,Bestand_Jahresbeginn,K03101,135723.0
2012,Salzgitter.Stadt,Bestand_Jahresbeginn,K03102,54966.0
2012,Wolfsburg.Stadt,Bestand_Jahresbeginn,K03103,63912.0
2012,Gifhorn,Bestand_Jahresbeginn,K03151,75932.0
2012,Goslar,Bestand_Jahresbeginn,K03153,80233.0
2012,Helmstedt,Bestand_Jahresbeginn,K03154,47205.0
2012,Northeim,Bestand_Jahresbeginn,K03155,68858.0
2012,Peine,Bestand_Jahresbeginn,K03157,60912.0
2012,Wolfenbüttel,Bestand_Jahresbeginn,K03158,59846.0
2012,Göttingen,Bestand_Jahresbeginn,K03159,172779.0
2012,Hannover,Bestand_Jahresbeginn,K032,1068063.0
2012,Hannover Region,Bestand_Jahresbeginn,K03241,581008.0
2012,Hannover Landeshauptstadt,Bestand_Jahresbeginn,K03241001,289399.0
2012,Diepholz,Bestand_Jahresbeginn,K03251,95989.0
2012,Hameln-Pyrmont,Bestand_Jahresbeginn,K03252,79401.0
2012,Hildesheim,Bestand_Jahresbeginn,K03254,139530.0
2012,Holzminden,Bestand_Jahresbeginn,K03255,38186.0
2012,Nienburg (Weser),Bestand_Jahresbeginn,K03256,55706.0
2012,Schaumburg,Bestand_Jahresbeginn,K03257,78243.0
2012,Lüneburg,Bestand_Jahresbeginn,K033,800794.0
2012,Celle,Bestand_Jahresbeginn,K03351,87113.0
2012,Cuxhaven,Bestand_Jahresbeginn,K03352,99501.0
2012,Harburg,Bestand_Jahresbeginn,K03353,113640.0
2012,Lüchow-Dannenberg,Bestand_Jahresbeginn,K03354,26055.0
2012,Lüneburg,Bestand_Jahresbeginn,K03355,84930.0
2012,Osterholz,Bestand_Jahresbeginn,K03356,50382.0
2012,Rotenburg (Wümme),Bestand_Jahresbeginn,K03357,72662.0
2012,Heidekreis,Bestand_Jahresbeginn,K03358,66345.0
2012,Stade,Bestand_Jahresbeginn,K03359,91796.0
2012,Uelzen,Bestand_Jahresbeginn,K03360,47250.0
2012,Verden,Bestand_Jahresbeginn,K03361,61120.0
2012,Weser-Ems,Bestand_Jahresbeginn,K034,1131336.0
2012,Delmenhorst.Stadt,Bestand_Jahresbeginn,K03401,37543.0
2012,Emden Stadt,Bestand_Jahresbeginn,K03402,25540.0
2012,Oldenburg (Oldb) Stadt,Bestand_Jahresbeginn,K03403,85582.0
2012,Osnabrück Stadt,Bestand_Jahresbeginn,K03404,84484.0
2012,Wilhelmshaven Stadt,Bestand_Jahresbeginn,K03405,45124.0
2012,Ammerland,Bestand_Jahresbeginn,K03451,54651.0
2012,Aurich,Bestand_Jahresbeginn,K03452,92958.0
2012,Cloppenburg,Bestand_Jahresbeginn,K03453,61015.0
2012,Emsland,Bestand_Jahresbeginn,K03454,126879.0
2012,Friesland,Bestand_Jahresbeginn,K03455,49528.0
2012,Grafschaft Bentheim,Bestand_Jahresbeginn,K03456,56947.0
2012,Leer,Bestand_Jahresbeginn,K03457,76743.0
2012,Oldenburg,Bestand_Jahresbeginn,K03458,55200.0
2012,Osnabrück,Bestand_Jahresbeginn,K03459,152212.0
2012,Vechta,Bestand_Jahresbeginn,K03460,52370.0
2012,Wesermarsch,Bestand_Jahresbeginn,K03461,45262.0
2012,Wittmund,Bestand_Jahresbeginn,K03462,29298.0
2013,Niedersachsen,Bestand_Jahresbeginn,K030,3840475.0
2013,Braunschweig,Bestand_Jahresbeginn,K031,822205.0
2013,Braunschweig Stadt,Bestand_Jahresbeginn,K03101,136237.0
2013,Salzgitter.Stadt,Bestand_Jahresbeginn,K03102,55028.0
2013,Wolfsburg.Stadt,Bestand_Jahresbeginn,K03103,63875.0
2013,Gifhorn,Bestand_Jahresbeginn,K03151,76341.0
2013,Goslar,Bestand_Jahresbeginn,K03153,80265.0
2013,Helmstedt,Bestand_Jahresbeginn,K03154,47254.0
2013,Northeim,Bestand_Jahresbeginn,K03155,68938.0
2013,Peine,Bestand_Jahresbeginn,K03157,61174.0
2013,Wolfenbüttel,Bestand_Jahresbeginn,K03158,60011.0
2013,Göttingen,Bestand_Jahresbeginn,K03159,173082.0
2013,Hannover,Bestand_Jahresbeginn,K032,1072232.0
2013,Hannover Region,Bestand_Jahresbeginn,K03241,583514.0
2013,Hannover Landeshauptstadt,Bestand_Jahresbeginn,K03241001,290418.0
2013,Diepholz,Bestand_Jahresbeginn,K03251,96778.0
2013,Hameln-Pyrmont,Bestand_Jahresbeginn,K03252,79505.0
2013,Hildesheim,Bestand_Jahresbeginn,K03254,139773.0
2013,Holzminden,Bestand_Jahresbeginn,K03255,38234.0
2013,Nienburg (Weser),Bestand_Jahresbeginn,K03256,55935.0
2013,Schaumburg,Bestand_Jahresbeginn,K03257,78493.0
2013,Lüneburg,Bestand_Jahresbeginn,K033,805081.0
2013,Celle,Bestand_Jahresbeginn,K03351,87243.0
2013,Cuxhaven,Bestand_Jahresbeginn,K03352,100119.0
2013,Harburg,Bestand_Jahresbeginn,K03353,114640.0
2013,Lüchow-Dannenberg,Bestand_Jahresbeginn,K03354,26095.0
2013,Lüneburg,Bestand_Jahresbeginn,K03355,85570.0
2013,Osterholz,Bestand_Jahresbeginn,K03356,50700.0
2013,Rotenburg (Wümme),Bestand_Jahresbeginn,K03357,73096.0
2013,Heidekreis,Bestand_Jahresbeginn,K03358,66497.0
2013,Stade,Bestand_Jahresbeginn,K03359,92584.0
2013,Uelzen,Bestand_Jahresbeginn,K03360,47357.0
2013,Verden,Bestand_Jahresbeginn,K03361,61180.0
2013,Weser-Ems,Bestand_Jahresbeginn,K034,1140957.0
2013,Delmenhorst.Stadt,Bestand_Jahresbeginn,K03401,37729.0
2013,Emden Stadt,Bestand_Jahresbeginn,K03402,25641.0
2013,Oldenburg (Oldb) Stadt,Bestand_Jahresbeginn,K03403,86642.0
2013,Osnabrück Stadt,Bestand_Jahresbeginn,K03404,84790.0
2013,Wilhelmshaven Stadt,Bestand_Jahresbeginn,K03405,45188.0
2013,Ammerland,Bestand_Jahresbeginn,K03451,55334.0
2013,Aurich,Bestand_Jahresbeginn,K03452,93614.0
2013,Cloppenburg,Bestand_Jahresbeginn,K03453,61899.0
2013,Emsland,Bestand_Jahresbeginn,K03454,128719.0
2013,Friesland,Bestand_Jahresbeginn,K03455,49836.0
2013,Grafschaft Bentheim,Bestand_Jahresbeginn,K03456,57425.0
2013,Leer,Bestand_Jahresbeginn,K03457,77393.0
2013,Oldenburg,Bestand_Jahresbeginn,K03458,55487.0
2013,Osnabrück,Bestand_Jahresbeginn,K03459,153203.0
2013,Vechta,Bestand_Jahresbeginn,K03460,53169.0
2013,Wesermarsch,Bestand_Jahresbeginn,K03461,45386.0
2013,Wittmund,Bestand_Jahresbeginn,K03462,29502.0
2014,Niedersachsen,Bestand_Jahresbeginn,K030,3863171.0
2014,Braunschweig,Bestand_Jahresbeginn,K031,824615.0
2014,Braunschweig Stadt,Bestand_Jahresbeginn,K03101,136582.0
2014,Salzgitter.Stadt,Bestand_Jahresbeginn,K03102,55136.0
2014,Wolfsburg.Stadt,Bestand_Jahresbeginn,K03103,64068.0
2014,Gifhorn,Bestand_Jahresbeginn,K03151,76953.0
2014,Goslar,Bestand_Jahresbeginn,K03153,80335.0
2014,Helmstedt,Bestand_Jahresbeginn,K03154,47376.0
2014,Northeim,Bestand_Jahresbeginn,K03155,69004.0
2014,Peine,Bestand_Jahresbeginn,K03157,61474.0
2014,Wolfenbüttel,Bestand_Jahresbeginn,K03158,60179.0
2014,Göttingen,Bestand_Jahresbeginn,K03159,173508.0
2014,Hannover,Bestand_Jahresbeginn,K032,1075980.0
2014,Hannover Region,Bestand_Jahresbeginn,K03241,585492.0
2014,Hannover Landeshauptstadt,Bestand_Jahresbeginn,K03241001,291067.0
2014,Diepholz,Bestand_Jahresbeginn,K03251,97446.0
2014,Hameln-Pyrmont,Bestand_Jahresbeginn,K03252,79731.0
2014,Hildesheim,Bestand_Jahresbeginn,K03254,140162.0
2014,Holzminden,Bestand_Jahresbeginn,K03255,38245.0
2014,Nienburg (Weser),Bestand_Jahresbeginn,K03256,56181.0
2014,Schaumburg,Bestand_Jahresbeginn,K03257,78723.0
2014,Lüneburg,Bestand_Jahresbeginn,K033,810367.0
2014,Celle,Bestand_Jahresbeginn,K03351,87576.0
2014,Cuxhaven,Bestand_Jahresbeginn,K03352,100744.0
2014,Harburg,Bestand_Jahresbeginn,K03353,115761.0
2014,Lüchow-Dannenberg,Bestand_Jahresbeginn,K03354,26148.0
2014,Lüneburg,Bestand_Jahresbeginn,K03355,86345.0
2014,Osterholz,Bestand_Jahresbeginn,K03356,50935.0
2014,Rotenburg (Wümme),Bestand_Jahresbeginn,K03357,73502.0
2014,Heidekreis,Bestand_Jahresbeginn,K03358,66718.0
2014,Stade,Bestand_Jahresbeginn,K03359,93428.0
2014,Uelzen,Bestand_Jahresbeginn,K03360,47511.0
2014,Verden,Bestand_Jahresbeginn,K03361,61699.0
2014,Weser-Ems,Bestand_Jahresbeginn,K034,1152209.0
2014,Delmenhorst.Stadt,Bestand_Jahresbeginn,K03401,37886.0
2014,Emden Stadt,Bestand_Jahresbeginn,K03402,25744.0
2014,Oldenburg (Oldb) Stadt,Bestand_Jahresbeginn,K03403,87754.0
2014,Osnabrück Stadt,Bestand_Jahresbeginn,K03404,85216.0
2014,Wilhelmshaven Stadt,Bestand_Jahresbeginn,K03405,45205.0
2014,Ammerland,Bestand_Jahresbeginn,K03451,56229.0
2014,Aurich,Bestand_Jahresbeginn,K03452,94562.0
2014,Cloppenburg,Bestand_Jahresbeginn,K03453,62949.0
2014,Emsland,Bestand_Jahresbeginn,K03454,130666.0
2014,Friesland,Bestand_Jahresbeginn,K03455,50184.0
2014,Grafschaft Bentheim,Bestand_Jahresbeginn,K03456,58113.0
2014,Leer,Bestand_Jahresbeginn,K03457,78229.0
2014,Oldenburg,Bestand_Jahresbeginn,K03458,55780.0
2014,Osnabrück,Bestand_Jahresbeginn,K03459,154159.0
2014,Vechta,Bestand_Jahresbeginn,K03460,54242.0
2014,Wesermarsch,Bestand_Jahresbeginn,K03461,45555.0
2014,Wittmund,Bestand_Jahresbeginn,K03462,29736.0
2015,Niedersachsen,Bestand_Jahresbeginn,K030,3888731.0
2015,Braunschweig,Bestand_Jahresbeginn,K031,827735.0
2015,Braunschweig Stadt,Bestand_Jahresbeginn,K03101,137072.0
2015,Salzgitter.Stadt,Bestand_Jahresbeginn,K03102,55191.0
2015,Wolfsburg.Stadt,Bestand_Jahresbeginn,K03103,64472.0
2015,Gifhorn,Bestand_Jahresbeginn,K03151,77676.0
2015,Goslar,Bestand_Jahresbeginn,K03153,80444.0
2015,Helmstedt,Bestand_Jahresbeginn,K03154,47558.0
2015,Northeim,Bestand_Jahresbeginn,K03155,69096.0
2015,Peine,Bestand_Jahresbeginn,K03157,61768.0
2015,Wolfenbüttel,Bestand_Jahresbeginn,K03158,60400.0
2015,Göttingen,Bestand_Jahresbeginn,K03159,174058.0
2015,Hannover,Bestand_Jahresbeginn,K032,1080187.0
2015,Hannover Region,Bestand_Jahresbeginn,K03241,587991.0
2015,Hannover Landeshauptstadt,Bestand_Jahresbeginn,K03241001,292121.0
2015,Diepholz,Bestand_Jahresbeginn,K03251,98143.0
2015,Hameln-Pyrmont,Bestand_Jahresbeginn,K03252,79906.0
2015,Hildesheim,Bestand_Jahresbeginn,K03254,140566.0
2015,Holzminden,Bestand_Jahresbeginn,K03255,38260.0
2015,Nienburg (Weser),Bestand_Jahresbeginn,K03256,56398.0
2015,Schaumburg,Bestand_Jahresbeginn,K03257,78923.0
2015,Lüneburg,Bestand_Jahresbeginn,K033,816272.0
2015,Celle,Bestand_Jahresbeginn,K03351,87944.0
2015,Cuxhaven,Bestand_Jahresbeginn,K03352,101530.0
2015,Harburg,Bestand_Jahresbeginn,K03353,116911.0
2015,Lüchow-Dannenberg,Bestand_Jahresbeginn,K03354,26248.0
2015,Lüneburg,Bestand_Jahresbeginn,K03355,86872.0
2015,Osterholz,Bestand_Jahresbeginn,K03356,51296.0
2015,Rotenburg (Wümme),Bestand_Jahresbeginn,K03357,74123.0
2015,Heidekreis,Bestand_Jahresbeginn,K03358,66984.0
2015,Stade,Bestand_Jahresbeginn,K03359,94507.0
2015,Uelzen,Bestand_Jahresbeginn,K03360,47710.0
2015,Verden,Bestand_Jahresbeginn,K03361,62147.0
2015,Weser-Ems,Bestand_Jahresbeginn,K034,1164537.0
2015,Delmenhorst.Stadt,Bestand_Jahresbeginn,K03401,38112.0
2015,Emden Stadt,Bestand_Jahresbeginn,K03402,26046.0
2015,Oldenburg (Oldb) Stadt,Bestand_Jahresbeginn,K03403,88504.0
2015,Osnabrück Stadt,Bestand_Jahresbeginn,K03404,85580.0
2015,Wilhelmshaven Stadt,Bestand_Jahresbeginn,K03405,45330.0
2015,Ammerland,Bestand_Jahresbeginn,K03451,56919.0
2015,Aurich,Bestand_Jahresbeginn,K03452,95372.0
2015,Cloppenburg,Bestand_Jahresbeginn,K03453,64171.0
2015,Emsland,Bestand_Jahresbeginn,K03454,133129.0
2015,Friesland,Bestand_Jahresbeginn,K03455,50721.0
2015,Grafschaft Bentheim,Bestand_Jahresbeginn,K03456,58963.0
2015,Leer,Bestand_Jahresbeginn,K03457,79035.0
2015,Oldenburg,Bestand_Jahresbeginn,K03458,56125.0
2015,Osnabrück,Bestand_Jahresbeginn,K03459,155487.0
2015,Vechta,Bestand_Jahresbeginn,K03460,55325.0
2015,Wesermarsch,Bestand_Jahresbeginn,K03461,45695.0
2015,Wittmund,Bestand_Jahresbeginn,K03462,30023.0
2016,Niedersachsen,Bestand_Jahresbeginn,K030,3914139.0
2016,Braunschweig,Bestand_Jahresbeginn,K031,830798.0
2016,Braunschweig Stadt,Bestand_Jahresbeginn,K03101,137475.0
2016,Salzgitter.Stadt,Bestand_Jahresbeginn,K03102,55249.0
2016,Wolfsburg.Stadt,Bestand_Jahresbeginn,K03103,64691.0
2016,Gifhorn,Bestand_Jahresbeginn,K03151,78369.0
2016,Goslar,Bestand_Jahresbeginn,K03153,80517.0
2016,Helmstedt,Bestand_Jahresbeginn,K03154,47691.0
2016,Northeim,Bestand_Jahresbeginn,K03155,69192.0
2016,Peine,Bestand_Jahresbeginn,K03157,62312.0
2016,Wolfenbüttel,Bestand_Jahresbeginn,K03158,60712.0
2016,Göttingen,Bestand_Jahresbeginn,K03159,174590.0
2016,Hannover,Bestand_Jahresbeginn,K032,1085005.0
2016,Hannover Region,Bestand_Jahresbeginn,K03241,590722.0
2016,Hannover Landeshauptstadt,Bestand_Jahresbeginn,K03241001,293352.0
2016,Diepholz,Bestand_Jahresbeginn,K03251,98892.0
2016,Hameln-Pyrmont,Bestand_Jahresbeginn,K03252,80053.0
2016,Hildesheim,Bestand_Jahresbeginn,K03254,141041.0
2016,Holzminden,Bestand_Jahresbeginn,K03255,38341.0
2016,Nienburg (Weser),Bestand_Jahresbeginn,K03256,56695.0
2016,Schaumburg,Bestand_Jahresbeginn,K03257,79261.0
2016,Lüneburg,Bestand_Jahresbeginn,K033,822487.0
2016,Celle,Bestand_Jahresbeginn,K03351,88333.0
2016,Cuxhaven,Bestand_Jahresbeginn,K03352,102130.0
2016,Harburg,Bestand_Jahresbeginn,K03353,117999.0
2016,Lüchow-Dannenberg,Bestand_Jahresbeginn,K03354,26325.0
2016,Lüneburg,Bestand_Jahresbeginn,K03355,87648.0
2016,Osterholz,Bestand_Jahresbeginn,K03356,51635.0
2016,Rotenburg (Wümme),Bestand_Jahresbeginn,K03357,74661.0
2016,Heidekreis,Bestand_Jahresbeginn,K03358,67239.0
2016,Stade,Bestand_Jahresbeginn,K03359,95870.0
2016,Uelzen,Bestand_Jahresbeginn,K03360,47821.0
2016,Verden,Bestand_Jahresbeginn,K03361,62826.0
2016,Weser-Ems,Bestand_Jahresbeginn,K034,1175849.0
2016,Delmenhorst.Stadt,Bestand_Jahresbeginn,K03401,38260.0
2016,Emden Stadt,Bestand_Jahresbeginn,K03402,26122.0
2016,Oldenburg (Oldb) Stadt,Bestand_Jahresbeginn,K03403,89598.0
2016,Osnabrück Stadt,Bestand_Jahresbeginn,K03404,86081.0
2016,Wilhelmshaven Stadt,Bestand_Jahresbeginn,K03405,45384.0
2016,Ammerland,Bestand_Jahresbeginn,K03451,57466.0
2016,Aurich,Bestand_Jahresbeginn,K03452,96192.0
2016,Cloppenburg,Bestand_Jahresbeginn,K03453,65096.0
2016,Emsland,Bestand_Jahresbeginn,K03454,135112.0
2016,Friesland,Bestand_Jahresbeginn,K03455,51110.0
2016,Grafschaft Bentheim,Bestand_Jahresbeginn,K03456,59728.0
2016,Leer,Bestand_Jahresbeginn,K03457,79966.0
2016,Oldenburg,Bestand_Jahresbeginn,K03458,56660.0
2016,Osnabrück,Bestand_Jahresbeginn,K03459,156730.0
2016,Vechta,Bestand_Jahresbeginn,K03460,56143.0
2016,Wesermarsch,Bestand_Jahresbeginn,K03461,45819.0
2016,Wittmund,Bestand_Jahresbeginn,K03462,30382.0
2017,Niedersachsen,Bestand_Jahresbeginn,K030,3943369.0
2017,Braunschweig,Bestand_Jahresbeginn,K031,834687.0
2017,Braunschweig Stadt,Bestand_Jahresbeginn,K03101,137907.0
2017,Salzgitter.Stadt,Bestand_Jahresbeginn,K03102,55328.0
2017,Wolfsburg.Stadt,Bestand_Jahresbeginn,K03103,65346.0
2017,Gifhorn,Bestand_Jahresbeginn,K03151,79101.0
2017,Goslar,Bestand_Jahresbeginn,K03153,80638.0
2017,Helmstedt,Bestand_Jahresbeginn,K03154,47931.0
2017,Northeim,Bestand_Jahresbeginn,K03155,69315.0
2017,Peine,Bestand_Jahresbeginn,K03157,62788.0
2017,Wolfenbüttel,Bestand_Jahresbeginn,K03158,61089.0
2017,Göttingen,Bestand_Jahresbeginn,K03159,175244.0
2017,Hannover,Bestand_Jahresbeginn,K032,1089713.0
2017,Hannover Region,Bestand_Jahresbeginn,K03241,593375.0
2017,Hannover Landeshauptstadt,Bestand_Jahresbeginn,K03241001,294257.0
2017,Diepholz,Bestand_Jahresbeginn,K03251,99661.0
2017,Hameln-Pyrmont,Bestand_Jahresbeginn,K03252,80146.0
2017,Hildesheim,Bestand_Jahresbeginn,K03254,141521.0
2017,Holzminden,Bestand_Jahresbeginn,K03255,38399.0
2017,Nienburg (Weser),Bestand_Jahresbeginn,K03256,57087.0
2017,Schaumburg,Bestand_Jahresbeginn,K03257,79524.0
2017,Lüneburg,Bestand_Jahresbeginn,K033,830154.0
2017,Celle,Bestand_Jahresbeginn,K03351,88856.0
2017,Cuxhaven,Bestand_Jahresbeginn,K03352,103005.0
2017,Harburg,Bestand_Jahresbeginn,K03353,119535.0
2017,Lüchow-Dannenberg,Bestand_Jahresbeginn,K03354,26491.0
2017,Lüneburg,Bestand_Jahresbeginn,K03355,88445.0
2017,Osterholz,Bestand_Jahresbeginn,K03356,51989.0
2017,Rotenburg (Wümme),Bestand_Jahresbeginn,K03357,75383.0
2017,Heidekreis,Bestand_Jahresbeginn,K03358,67715.0
2017,Stade,Bestand_Jahresbeginn,K03359,97083.0
2017,Uelzen,Bestand_Jahresbeginn,K03360,48234.0
2017,Verden,Bestand_Jahresbeginn,K03361,63418.0
2017,Weser-Ems,Bestand_Jahresbeginn,K034,1188815.0
2017,Delmenhorst.Stadt,Bestand_Jahresbeginn,K03401,38455.0
2017,Emden Stadt,Bestand_Jahresbeginn,K03402,26252.0
2017,Oldenburg (Oldb) Stadt,Bestand_Jahresbeginn,K03403,90940.0
2017,Osnabrück Stadt,Bestand_Jahresbeginn,K03404,86772.0
2017,Wilhelmshaven Stadt,Bestand_Jahresbeginn,K03405,45480.0
2017,Ammerland,Bestand_Jahresbeginn,K03451,58256.0
2017,Aurich,Bestand_Jahresbeginn,K03452,96986.0
2017,Cloppenburg,Bestand_Jahresbeginn,K03453,66430.0
2017,Emsland,Bestand_Jahresbeginn,K03454,137251.0
2017,Friesland,Bestand_Jahresbeginn,K03455,51649.0
2017,Grafschaft Bentheim,Bestand_Jahresbeginn,K03456,60308.0
2017,Leer,Bestand_Jahresbeginn,K03457,80828.0
2017,Oldenburg,Bestand_Jahresbeginn,K03458,57137.0
2017,Osnabrück,Bestand_Jahresbeginn,K03459,158010.0
2017,Vechta,Bestand_Jahresbeginn,K03460,57327.0
2017,Wesermarsch,Bestand_Jahresbeginn,K03461,46002.0
2017,Wittmund,Bestand_Jahresbeginn,K03462,30732.0
2018,Niedersachsen,Bestand_Jahresbeginn,K030,3971972.0
2018,Braunschweig,Bestand_Jahresbeginn,K031,838761.0
2018,Braunschweig Stadt,Bestand_Jahresbeginn,K03101,138206.0
2018,Salzgitter.Stadt,Bestand_Jahresbeginn,K03102,55435.0
2018,Wolfsburg.Stadt,Bestand_Jahresbeginn,K03103,65795.0
2018,Gifhorn,Bestand_Jahresbeginn,K03151,80129.0
2018,Goslar,Bestand_Jahresbeginn,K03153,80783.0
2018,Helmstedt,Bestand_Jahresbeginn,K03154,48183.0
2018,Northeim,Bestand_Jahresbeginn,K03155,69535.0
2018,Peine,Bestand_Jahresbeginn,K03157,63478.0
2018,Wolfenbüttel,Bestand_Jahresbeginn,K03158,61287.0
2018,Göttingen,Bestand_Jahresbeginn,K03159,175930.0
2018,Hannover,Bestand_Jahresbeginn,K032,1094726.0
2018,Hannover Region,Bestand_Jahresbeginn,K03241,596488.0
2018,Hannover Landeshauptstadt,Bestand_Jahresbeginn,K03241001,295357.0
2018,Diepholz,Bestand_Jahresbeginn,K03251,100371.0
2018,Hameln-Pyrmont,Bestand_Jahresbeginn,K03252,80288.0
2018,Hildesheim,Bestand_Jahresbeginn,K03254,141971.0
2018,Holzminden,Bestand_Jahresbeginn,K03255,38446.0
2018,Nienburg (Weser),Bestand_Jahresbeginn,K03256,57339.0
2018,Schaumburg,Bestand_Jahresbeginn,K03257,79823.0
2018,Lüneburg,Bestand_Jahresbeginn,K033,837157.0
2018,Celle,Bestand_Jahresbeginn,K03351,89201.0
2018,Cuxhaven,Bestand_Jahresbeginn,K03352,103738.0
2018,Harburg,Bestand_Jahresbeginn,K03353,120603.0
2018,Lüchow-Dannenberg,Bestand_Jahresbeginn,K03354,26530.0
2018,Lüneburg,Bestand_Jahresbeginn,K03355,89810.0
2018,Osterholz,Bestand_Jahresbeginn,K03356,52382.0
2018,Rotenburg (Wümme),Bestand_Jahresbeginn,K03357,76132.0
2018,Heidekreis,Bestand_Jahresbeginn,K03358,68016.0
2018,Stade,Bestand_Jahresbeginn,K03359,98424.0
2018,Uelzen,Bestand_Jahresbeginn,K03360,48364.0
2018,Verden,Bestand_Jahresbeginn,K03361,63957.0
2018,Weser-Ems,Bestand_Jahresbeginn,K034,1201328.0
2018,Delmenhorst.Stadt,Bestand_Jahresbeginn,K03401,38665.0
2018,Emden Stadt,Bestand_Jahresbeginn,K03402,26475.0
2018,Oldenburg (Oldb) Stadt,Bestand_Jahresbeginn,K03403,92270.0
2018,Osnabrück Stadt,Bestand_Jahresbeginn,K03404,87201.0
2018,Wilhelmshaven Stadt,Bestand_Jahresbeginn,K03405,45551.0
2018,Ammerland,Bestand_Jahresbeginn,K03451,58878.0
2018,Aurich,Bestand_Jahresbeginn,K03452,97755.0
2018,Cloppenburg,Bestand_Jahresbeginn,K03453,67720.0
2018,Emsland,Bestand_Jahresbeginn,K03454,139485.0
2018,Friesland,Bestand_Jahresbeginn,K03455,52130.0
2018,Grafschaft Bentheim,Bestand_Jahresbeginn,K03456,61140.0
2018,Leer,Bestand_Jahresbeginn,K03457,81741.0
2018,Oldenburg,Bestand_Jahresbeginn,K03458,57573.0
2018,Osnabrück,Bestand_Jahresbeginn,K03459,159311.0
2018,Vechta,Bestand_Jahresbeginn,K03460,58251.0
2018,Wesermarsch,Bestand_Jahresbeginn,K03461,46160.0
2018,Wittmund,Bestand_Jahresbeginn,K03462,31022.0
2012,Niedersachsen,Veraenderung_Insgesamt,K030,19916.0
2012,Braunschweig,Veraenderung_Insgesamt,K031,1839.0
2012,Braunschweig Stadt,Veraenderung_Insgesamt,K03101,514.0
2012,Salzgitter.Stadt,Veraenderung_Insgesamt,K03102,62.0
2012,Wolfsburg.Stadt,Veraenderung_Insgesamt,K03103,-37.0
2012,Gifhorn,Veraenderung_Insgesamt,K03151,409.0
2012,Goslar,Veraenderung_Insgesamt,K03153,32.0
2012,Helmstedt,Veraenderung_Insgesamt,K03154,49.0
2012,Northeim,Veraenderung_Insgesamt,K03155,80.0
2012,Peine,Veraenderung_Insgesamt,K03157,262.0
2012,Wolfenbüttel,Veraenderung_Insgesamt,K03158,165.0
2012,Göttingen,Veraenderung_Insgesamt,K03159,303.0
2012,Hannover,Veraenderung_Insgesamt,K032,4169.0
2012,Hannover Region,Veraenderung_Insgesamt,K03241,2506.0
2012,Hannover Landeshauptstadt,Veraenderung_Insgesamt,K03241001,1019.0
2012,Diepholz,Veraenderung_Insgesamt,K03251,789.0
2012,Hameln-Pyrmont,Veraenderung_Insgesamt,K03252,104.0
2012,Hildesheim,Veraenderung_Insgesamt,K03254,243.0
2012,Holzminden,Veraenderung_Insgesamt,K03255,48.0
2012,Nienburg (Weser),Veraenderung_Insgesamt,K03256,229.0
2012,Schaumburg,Veraenderung_Insgesamt,K03257,250.0
2012,Lüneburg,Veraenderung_Insgesamt,K033,4287.0
2012,Celle,Veraenderung_Insgesamt,K03351,130.0
2012,Cuxhaven,Veraenderung_Insgesamt,K03352,618.0
2012,Harburg,Veraenderung_Insgesamt,K03353,1000.0
2012,Lüchow-Dannenberg,Veraenderung_Insgesamt,K03354,40.0
2012,Lüneburg,Veraenderung_Insgesamt,K03355,640.0
2012,Osterholz,Veraenderung_Insgesamt,K03356,318.0
2012,Rotenburg (Wümme),Veraenderung_Insgesamt,K03357,434.0
2012,Heidekreis,Veraenderung_Insgesamt,K03358,152.0
2012,Stade,Veraenderung_Insgesamt,K03359,788.0
2012,Uelzen,Veraenderung_Insgesamt,K03360,107.0
2012,Verden,Veraenderung_Insgesamt,K03361,60.0
2012,Weser-Ems,Veraenderung_Insgesamt,K034,9621.0
2012,Delmenhorst.Stadt,Veraenderung_Insgesamt,K03401,186.0
2012,Emden Stadt,Veraenderung_Insgesamt,K03402,101.0
2012,Oldenburg (Oldb) Stadt,Veraenderung_Insgesamt,K03403,1060.0
2012,Osnabrück Stadt,Veraenderung_Insgesamt,K03404,306.0
2012,Wilhelmshaven Stadt,Veraenderung_Insgesamt,K03405,64.0
2012,Ammerland,Veraenderung_Insgesamt,K03451,683.0
2012,Aurich,Veraenderung_Insgesamt,K03452,656.0
2012,Cloppenburg,Veraenderung_Insgesamt,K03453,884.0
2012,Emsland,Veraenderung_Insgesamt,K03454,1840.0
2012,Friesland,Veraenderung_Insgesamt,K03455,308.0
2012,Grafschaft Bentheim,Veraenderung_Insgesamt,K03456,478.0
2012,Leer,Veraenderung_Insgesamt,K03457,650.0
2012,Oldenburg,Veraenderung_Insgesamt,K03458,287.0
2012,Osnabrück,Veraenderung_Insgesamt,K03459,991.0
2012,Vechta,Veraenderung_Insgesamt,K03460,799.0
2012,Wesermarsch,Veraenderung_Insgesamt,K03461,124.0
2012,Wittmund,Veraenderung_Insgesamt,K03462,204.0
2013,Niedersachsen,Veraenderung_Insgesamt,K030,22696.0
2013,Braunschweig,Veraenderung_Insgesamt,K031,2410.0
2013,Braunschweig Stadt,Veraenderung_Insgesamt,K03101,345.0
2013,Salzgitter.Stadt,Veraenderung_Insgesamt,K03102,108.0
2013,Wolfsburg.Stadt,Veraenderung_Insgesamt,K03103,193.0
2013,Gifhorn,Veraenderung_Insgesamt,K03151,612.0
2013,Goslar,Veraenderung_Insgesamt,K03153,70.0
2013,Helmstedt,Veraenderung_Insgesamt,K03154,122.0
2013,Northeim,Veraenderung_Insgesamt,K03155,66.0
2013,Peine,Veraenderung_Insgesamt,K03157,300.0
2013,Wolfenbüttel,Veraenderung_Insgesamt,K03158,168.0
2013,Göttingen,Veraenderung_Insgesamt,K03159,426.0
2013,Hannover,Veraenderung_Insgesamt,K032,3748.0
2013,Hannover Region,Veraenderung_Insgesamt,K03241,1978.0
2013,Hannover Landeshauptstadt,Veraenderung_Insgesamt,K03241001,649.0
2013,Diepholz,Veraenderung_Insgesamt,K03251,668.0
2013,Hameln-Pyrmont,Veraenderung_Insgesamt,K03252,226.0
2013,Hildesheim,Veraenderung_Insgesamt,K03254,389.0
2013,Holzminden,Veraenderung_Insgesamt,K03255,11.0
2013,Nienburg (Weser),Veraenderung_Insgesamt,K03256,246.0
2013,Schaumburg,Veraenderung_Insgesamt,K03257,230.0
2013,Lüneburg,Veraenderung_Insgesamt,K033,5286.0
2013,Celle,Veraenderung_Insgesamt,K03351,333.0
2013,Cuxhaven,Veraenderung_Insgesamt,K03352,625.0
2013,Harburg,Veraenderung_Insgesamt,K03353,1121.0
2013,Lüchow-Dannenberg,Veraenderung_Insgesamt,K03354,53.0
2013,Lüneburg,Veraenderung_Insgesamt,K03355,775.0
2013,Osterholz,Veraenderung_Insgesamt,K03356,235.0
2013,Rotenburg (Wümme),Veraenderung_Insgesamt,K03357,406.0
2013,Heidekreis,Veraenderung_Insgesamt,K03358,221.0
2013,Stade,Veraenderung_Insgesamt,K03359,844.0
2013,Uelzen,Veraenderung_Insgesamt,K03360,154.0
2013,Verden,Veraenderung_Insgesamt,K03361,519.0
2013,Weser-Ems,Veraenderung_Insgesamt,K034,11252.0
2013,Delmenhorst.Stadt,Veraenderung_Insgesamt,K03401,157.0
2013,Emden Stadt,Veraenderung_Insgesamt,K03402,103.0
2013,Oldenburg (Oldb) Stadt,Veraenderung_Insgesamt,K03403,1112.0
2013,Osnabrück Stadt,Veraenderung_Insgesamt,K03404,426.0
2013,Wilhelmshaven Stadt,Veraenderung_Insgesamt,K03405,17.0
2013,Ammerland,Veraenderung_Insgesamt,K03451,895.0
2013,Aurich,Veraenderung_Insgesamt,K03452,948.0
2013,Cloppenburg,Veraenderung_Insgesamt,K03453,1050.0
2013,Emsland,Veraenderung_Insgesamt,K03454,1947.0
2013,Friesland,Veraenderung_Insgesamt,K03455,348.0
2013,Grafschaft Bentheim,Veraenderung_Insgesamt,K03456,688.0
2013,Leer,Veraenderung_Insgesamt,K03457,836.0
2013,Oldenburg,Veraenderung_Insgesamt,K03458,293.0
2013,Osnabrück,Veraenderung_Insgesamt,K03459,956.0
2013,Vechta,Veraenderung_Insgesamt,K03460,1073.0
2013,Wesermarsch,Veraenderung_Insgesamt,K03461,169.0
2013,Wittmund,Veraenderung_Insgesamt,K03462,234.0
2014,Niedersachsen,Veraenderung_Insgesamt,K030,25560.0
2014,Braunschweig,Veraenderung_Insgesamt,K031,3120.0
2014,Braunschweig Stadt,Veraenderung_Insgesamt,K03101,490.0
2014,Salzgitter.Stadt,Veraenderung_Insgesamt,K03102,55.0
2014,Wolfsburg.Stadt,Veraenderung_Insgesamt,K03103,404.0
2014,Gifhorn,Veraenderung_Insgesamt,K03151,723.0
2014,Goslar,Veraenderung_Insgesamt,K03153,109.0
2014,Helmstedt,Veraenderung_Insgesamt,K03154,182.0
2014,Northeim,Veraenderung_Insgesamt,K03155,92.0
2014,Peine,Veraenderung_Insgesamt,K03157,294.0
2014,Wolfenbüttel,Veraenderung_Insgesamt,K03158,221.0
2014,Göttingen,Veraenderung_Insgesamt,K03159,550.0
2014,Hannover,Veraenderung_Insgesamt,K032,4207.0
2014,Hannover Region,Veraenderung_Insgesamt,K03241,2499.0
2014,Hannover Landeshauptstadt,Veraenderung_Insgesamt,K03241001,1054.0
2014,Diepholz,Veraenderung_Insgesamt,K03251,697.0
2014,Hameln-Pyrmont,Veraenderung_Insgesamt,K03252,175.0
2014,Hildesheim,Veraenderung_Insgesamt,K03254,404.0
2014,Holzminden,Veraenderung_Insgesamt,K03255,15.0
2014,Nienburg (Weser),Veraenderung_Insgesamt,K03256,217.0
2014,Schaumburg,Veraenderung_Insgesamt,K03257,200.0
2014,Lüneburg,Veraenderung_Insgesamt,K033,5905.0
2014,Celle,Veraenderung_Insgesamt,K03351,368.0
2014,Cuxhaven,Veraenderung_Insgesamt,K03352,786.0
2014,Harburg,Veraenderung_Insgesamt,K03353,1150.0
2014,Lüchow-Dannenberg,Veraenderung_Insgesamt,K03354,100.0
2014,Lüneburg,Veraenderung_Insgesamt,K03355,527.0
2014,Osterholz,Veraenderung_Insgesamt,K03356,361.0
2014,Rotenburg (Wümme),Veraenderung_Insgesamt,K03357,621.0
2014,Heidekreis,Veraenderung_Insgesamt,K03358,266.0
2014,Stade,Veraenderung_Insgesamt,K03359,1079.0
2014,Uelzen,Veraenderung_Insgesamt,K03360,199.0
2014,Verden,Veraenderung_Insgesamt,K03361,448.0
2014,Weser-Ems,Veraenderung_Insgesamt,K034,12328.0
2014,Delmenhorst.Stadt,Veraenderung_Insgesamt,K03401,226.0
2014,Emden Stadt,Veraenderung_Insgesamt,K03402,302.0
2014,Oldenburg (Oldb) Stadt,Veraenderung_Insgesamt,K03403,750.0
2014,Osnabrück Stadt,Veraenderung_Insgesamt,K03404,364.0
2014,Wilhelmshaven Stadt,Veraenderung_Insgesamt,K03405,125.0
2014,Ammerland,Veraenderung_Insgesamt,K03451,690.0
2014,Aurich,Veraenderung_Insgesamt,K03452,810.0
2014,Cloppenburg,Veraenderung_Insgesamt,K03453,1222.0
2014,Emsland,Veraenderung_Insgesamt,K03454,2463.0
2014,Friesland,Veraenderung_Insgesamt,K03455,537.0
2014,Grafschaft Bentheim,Veraenderung_Insgesamt,K03456,850.0
2014,Leer,Veraenderung_Insgesamt,K03457,806.0
2014,Oldenburg,Veraenderung_Insgesamt,K03458,345.0
2014,Osnabrück,Veraenderung_Insgesamt,K03459,1328.0
2014,Vechta,Veraenderung_Insgesamt,K03460,1083.0
2014,Wesermarsch,Veraenderung_Insgesamt,K03461,140.0
2014,Wittmund,Veraenderung_Insgesamt,K03462,287.0
2015,Niedersachsen,Veraenderung_Insgesamt,K030,25408.0
2015,Braunschweig,Veraenderung_Insgesamt,K031,3063.0
2015,Braunschweig Stadt,Veraenderung_Insgesamt,K03101,403.0
2015,Salzgitter.Stadt,Veraenderung_Insgesamt,K03102,58.0
2015,Wolfsburg.Stadt,Veraenderung_Insgesamt,K03103,219.0
2015,Gifhorn,Veraenderung_Insgesamt,K03151,693.0
2015,Goslar,Veraenderung_Insgesamt,K03153,73.0
2015,Helmstedt,Veraenderung_Insgesamt,K03154,133.0
2015,Northeim,Veraenderung_Insgesamt,K03155,96.0
2015,Peine,Veraenderung_Insgesamt,K03157,544.0
2015,Wolfenbüttel,Veraenderung_Insgesamt,K03158,312.0
2015,Göttingen,Veraenderung_Insgesamt,K03159,532.0
2015,Hannover,Veraenderung_Insgesamt,K032,4818.0
2015,Hannover Region,Veraenderung_Insgesamt,K03241,2731.0
2015,Hannover Landeshauptstadt,Veraenderung_Insgesamt,K03241001,1231.0
2015,Diepholz,Veraenderung_Insgesamt,K03251,749.0
2015,Hameln-Pyrmont,Veraenderung_Insgesamt,K03252,147.0
2015,Hildesheim,Veraenderung_Insgesamt,K03254,475.0
2015,Holzminden,Veraenderung_Insgesamt,K03255,81.0
2015,Nienburg (Weser),Veraenderung_Insgesamt,K03256,297.0
2015,Schaumburg,Veraenderung_Insgesamt,K03257,338.0
2015,Lüneburg,Veraenderung_Insgesamt,K033,6215.0
2015,Celle,Veraenderung_Insgesamt,K03351,389.0
2015,Cuxhaven,Veraenderung_Insgesamt,K03352,600.0
2015,Harburg,Veraenderung_Insgesamt,K03353,1088.0
2015,Lüchow-Dannenberg,Veraenderung_Insgesamt,K03354,77.0
2015,Lüneburg,Veraenderung_Insgesamt,K03355,776.0
2015,Osterholz,Veraenderung_Insgesamt,K03356,339.0
2015,Rotenburg (Wümme),Veraenderung_Insgesamt,K03357,538.0
2015,Heidekreis,Veraenderung_Insgesamt,K03358,255.0
2015,Stade,Veraenderung_Insgesamt,K03359,1363.0
2015,Uelzen,Veraenderung_Insgesamt,K03360,111.0
2015,Verden,Veraenderung_Insgesamt,K03361,679.0
2015,Weser-Ems,Veraenderung_Insgesamt,K034,11312.0
2015,Delmenhorst.Stadt,Veraenderung_Insgesamt,K03401,148.0
2015,Emden Stadt,Veraenderung_Insgesamt,K03402,76.0
2015,Oldenburg (Oldb) Stadt,Veraenderung_Insgesamt,K03403,1094.0
2015,Osnabrück Stadt,Veraenderung_Insgesamt,K03404,501.0
2015,Wilhelmshaven Stadt,Veraenderung_Insgesamt,K03405,54.0
2015,Ammerland,Veraenderung_Insgesamt,K03451,547.0
2015,Aurich,Veraenderung_Insgesamt,K03452,820.0
2015,Cloppenburg,Veraenderung_Insgesamt,K03453,925.0
2015,Emsland,Veraenderung_Insgesamt,K03454,1983.0
2015,Friesland,Veraenderung_Insgesamt,K03455,389.0
2015,Grafschaft Bentheim,Veraenderung_Insgesamt,K03456,765.0
2015,Leer,Veraenderung_Insgesamt,K03457,931.0
2015,Oldenburg,Veraenderung_Insgesamt,K03458,535.0
2015,Osnabrück,Veraenderung_Insgesamt,K03459,1243.0
2015,Vechta,Veraenderung_Insgesamt,K03460,818.0
2015,Wesermarsch,Veraenderung_Insgesamt,K03461,124.0
2015,Wittmund,Veraenderung_Insgesamt,K03462,359.0
2016,Niedersachsen,Veraenderung_Insgesamt,K030,29230.0
2016,Braunschweig,Veraenderung_Insgesamt,K031,3889.0
2016,Braunschweig Stadt,Veraenderung_Insgesamt,K03101,432.0
2016,Salzgitter.Stadt,Veraenderung_Insgesamt,K03102,79.0
2016,Wolfsburg.Stadt,Veraenderung_Insgesamt,K03103,655.0
2016,Gifhorn,Veraenderung_Insgesamt,K03151,732.0
2016,Goslar,Veraenderung_Insgesamt,K03153,121.0
2016,Helmstedt,Veraenderung_Insgesamt,K03154,240.0
2016,Northeim,Veraenderung_Insgesamt,K03155,123.0
2016,Peine,Veraenderung_Insgesamt,K03157,476.0
2016,Wolfenbüttel,Veraenderung_Insgesamt,K03158,377.0
2016,Göttingen,Veraenderung_Insgesamt,K03159,654.0
2016,Hannover,Veraenderung_Insgesamt,K032,4708.0
2016,Hannover Region,Veraenderung_Insgesamt,K03241,2653.0
2016,Hannover Landeshauptstadt,Veraenderung_Insgesamt,K03241001,905.0
2016,Diepholz,Veraenderung_Insgesamt,K03251,769.0
2016,Hameln-Pyrmont,Veraenderung_Insgesamt,K03252,93.0
2016,Hildesheim,Veraenderung_Insgesamt,K03254,480.0
2016,Holzminden,Veraenderung_Insgesamt,K03255,58.0
2016,Nienburg (Weser),Veraenderung_Insgesamt,K03256,392.0
2016,Schaumburg,Veraenderung_Insgesamt,K03257,263.0
2016,Lüneburg,Veraenderung_Insgesamt,K033,7667.0
2016,Celle,Veraenderung_Insgesamt,K03351,523.0
2016,Cuxhaven,Veraenderung_Insgesamt,K03352,875.0
2016,Harburg,Veraenderung_Insgesamt,K03353,1536.0
2016,Lüchow-Dannenberg,Veraenderung_Insgesamt,K03354,166.0
2016,Lüneburg,Veraenderung_Insgesamt,K03355,797.0
2016,Osterholz,Veraenderung_Insgesamt,K03356,354.0
2016,Rotenburg (Wümme),Veraenderung_Insgesamt,K03357,722.0
2016,Heidekreis,Veraenderung_Insgesamt,K03358,476.0
2016,Stade,Veraenderung_Insgesamt,K03359,1213.0
2016,Uelzen,Veraenderung_Insgesamt,K03360,413.0
2016,Verden,Veraenderung_Insgesamt,K03361,592.0
2016,Weser-Ems,Veraenderung_Insgesamt,K034,12966.0
2016,Delmenhorst.Stadt,Veraenderung_Insgesamt,K03401,195.0
2016,Emden Stadt,Veraenderung_Insgesamt,K03402,130.0
2016,Oldenburg (Oldb) Stadt,Veraenderung_Insgesamt,K03403,1342.0
2016,Osnabrück Stadt,Veraenderung_Insgesamt,K03404,691.0
2016,Wilhelmshaven Stadt,Veraenderung_Insgesamt,K03405,96.0
2016,Ammerland,Veraenderung_Insgesamt,K03451,790.0
2016,Aurich,Veraenderung_Insgesamt,K03452,794.0
2016,Cloppenburg,Veraenderung_Insgesamt,K03453,1334.0
2016,Emsland,Veraenderung_Insgesamt,K03454,2139.0
2016,Friesland,Veraenderung_Insgesamt,K03455,539.0
2016,Grafschaft Bentheim,Veraenderung_Insgesamt,K03456,580.0
2016,Leer,Veraenderung_Insgesamt,K03457,862.0
2016,Oldenburg,Veraenderung_Insgesamt,K03458,477.0
2016,Osnabrück,Veraenderung_Insgesamt,K03459,1280.0
2016,Vechta,Veraenderung_Insgesamt,K03460,1184.0
2016,Wesermarsch,Veraenderung_Insgesamt,K03461,183.0
2016,Wittmund,Veraenderung_Insgesamt,K03462,350.0
2017,Niedersachsen,Veraenderung_Insgesamt,K030,28603.0
2017,Braunschweig,Veraenderung_Insgesamt,K031,4074.0
2017,Braunschweig Stadt,Veraenderung_Insgesamt,K03101,299.0
2017,Salzgitter.Stadt,Veraenderung_Insgesamt,K03102,107.0
2017,Wolfsburg.Stadt,Veraenderung_Insgesamt,K03103,449.0
2017,Gifhorn,Veraenderung_Insgesamt,K03151,1028.0
2017,Goslar,Veraenderung_Insgesamt,K03153,145.0
2017,Helmstedt,Veraenderung_Insgesamt,K03154,252.0
2017,Northeim,Veraenderung_Insgesamt,K03155,220.0
2017,Peine,Veraenderung_Insgesamt,K03157,690.0
2017,Wolfenbüttel,Veraenderung_Insgesamt,K03158,198.0
2017,Göttingen,Veraenderung_Insgesamt,K03159,686.0
2017,Hannover,Veraenderung_Insgesamt,K032,5013.0
2017,Hannover Region,Veraenderung_Insgesamt,K03241,3113.0
2017,Hannover Landeshauptstadt,Veraenderung_Insgesamt,K03241001,1100.0
2017,Diepholz,Veraenderung_Insgesamt,K03251,710.0
2017,Hameln-Pyrmont,Veraenderung_Insgesamt,K03252,142.0
2017,Hildesheim,Veraenderung_Insgesamt,K03254,450.0
2017,Holzminden,Veraenderung_Insgesamt,K03255,47.0
2017,Nienburg (Weser),Veraenderung_Insgesamt,K03256,252.0
2017,Schaumburg,Veraenderung_Insgesamt,K03257,299.0
2017,Lüneburg,Veraenderung_Insgesamt,K033,7003.0
2017,Celle,Veraenderung_Insgesamt,K03351,345.0
2017,Cuxhaven,Veraenderung_Insgesamt,K03352,733.0
2017,Harburg,Veraenderung_Insgesamt,K03353,1068.0
2017,Lüchow-Dannenberg,Veraenderung_Insgesamt,K03354,39.0
2017,Lüneburg,Veraenderung_Insgesamt,K03355,1365.0
2017,Osterholz,Veraenderung_Insgesamt,K03356,393.0
2017,Rotenburg (Wümme),Veraenderung_Insgesamt,K03357,749.0
2017,Heidekreis,Veraenderung_Insgesamt,K03358,301.0
2017,Stade,Veraenderung_Insgesamt,K03359,1341.0
2017,Uelzen,Veraenderung_Insgesamt,K03360,130.0
2017,Verden,Veraenderung_Insgesamt,K03361,539.0
2017,Weser-Ems,Veraenderung_Insgesamt,K034,12513.0
2017,Delmenhorst.Stadt,Veraenderung_Insgesamt,K03401,210.0
2017,Emden Stadt,Veraenderung_Insgesamt,K03402,223.0
2017,Oldenburg (Oldb) Stadt,Veraenderung_Insgesamt,K03403,1330.0
2017,Osnabrück Stadt,Veraenderung_Insgesamt,K03404,429.0
2017,Wilhelmshaven Stadt,Veraenderung_Insgesamt,K03405,71.0
2017,Ammerland,Veraenderung_Insgesamt,K03451,622.0
2017,Aurich,Veraenderung_Insgesamt,K03452,769.0
2017,Cloppenburg,Veraenderung_Insgesamt,K03453,1290.0
2017,Emsland,Veraenderung_Insgesamt,K03454,2234.0
2017,Friesland,Veraenderung_Insgesamt,K03455,481.0
2017,Grafschaft Bentheim,Veraenderung_Insgesamt,K03456,832.0
2017,Leer,Veraenderung_Insgesamt,K03457,913.0
2017,Oldenburg,Veraenderung_Insgesamt,K03458,436.0
2017,Osnabrück,Veraenderung_Insgesamt,K03459,1301.0
2017,Vechta,Veraenderung_Insgesamt,K03460,924.0
2017,Wesermarsch,Veraenderung_Insgesamt,K03461,158.0
2017,Wittmund,Veraenderung_Insgesamt,K03462,290.0
2018,Niedersachsen,Veraenderung_Insgesamt,K030,27284.0
2018,Braunschweig,Veraenderung_Insgesamt,K031,3615.0
2018,Braunschweig Stadt,Veraenderung_Insgesamt,K03101,630.0
2018,Salzgitter.Stadt,Veraenderung_Insgesamt,K03102,80.0
2018,Wolfsburg.Stadt,Veraenderung_Insgesamt,K03103,220.0
2018,Gifhorn,Veraenderung_Insgesamt,K03151,831.0
2018,Goslar,Veraenderung_Insgesamt,K03153,67.0
2018,Helmstedt,Veraenderung_Insgesamt,K03154,287.0
2018,Northeim,Veraenderung_Insgesamt,K03155,204.0
2018,Peine,Veraenderung_Insgesamt,K03157,525.0
2018,Wolfenbüttel,Veraenderung_Insgesamt,K03158,256.0
2018,Göttingen,Veraenderung_Insgesamt,K03159,515.0
2018,Hannover,Veraenderung_Insgesamt,K032,5449.0
2018,Hannover Region,Veraenderung_Insgesamt,K03241,3185.0
2018,Hannover Landeshauptstadt,Veraenderung_Insgesamt,K03241001,1532.0
2018,Diepholz,Veraenderung_Insgesamt,K03251,777.0
2018,Hameln-Pyrmont,Veraenderung_Insgesamt,K03252,104.0
2018,Hildesheim,Veraenderung_Insgesamt,K03254,559.0
2018,Holzminden,Veraenderung_Insgesamt,K03255,69.0
2018,Nienburg (Weser),Veraenderung_Insgesamt,K03256,353.0
2018,Schaumburg,Veraenderung_Insgesamt,K03257,402.0
2018,Lüneburg,Veraenderung_Insgesamt,K033,6013.0
2018,Celle,Veraenderung_Insgesamt,K03351,567.0
2018,Cuxhaven,Veraenderung_Insgesamt,K03352,570.0
2018,Harburg,Veraenderung_Insgesamt,K03353,862.0
2018,Lüchow-Dannenberg,Veraenderung_Insgesamt,K03354,99.0
2018,Lüneburg,Veraenderung_Insgesamt,K03355,609.0
2018,Osterholz,Veraenderung_Insgesamt,K03356,364.0
2018,Rotenburg (Wümme),Veraenderung_Insgesamt,K03357,628.0
2018,Heidekreis,Veraenderung_Insgesamt,K03358,343.0
2018,Stade,Veraenderung_Insgesamt,K03359,1383.0
2018,Uelzen,Veraenderung_Insgesamt,K03360,179.0
2018,Verden,Veraenderung_Insgesamt,K03361,409.0
2018,Weser-Ems,Veraenderung_Insgesamt,K034,12207.0
2018,Delmenhorst.Stadt,Veraenderung_Insgesamt,K03401,219.0
2018,Emden Stadt,Veraenderung_Insgesamt,K03402,66.0
2018,Oldenburg (Oldb) Stadt,Veraenderung_Insgesamt,K03403,1205.0
2018,Osnabrück Stadt,Veraenderung_Insgesamt,K03404,576.0
2018,Wilhelmshaven Stadt,Veraenderung_Insgesamt,K03405,121.0
2018,Ammerland,Veraenderung_Insgesamt,K03451,805.0
2018,Aurich,Veraenderung_Insgesamt,K03452,575.0
2018,Cloppenburg,Veraenderung_Insgesamt,K03453,1319.0
2018,Emsland,Veraenderung_Insgesamt,K03454,1901.0
2018,Friesland,Veraenderung_Insgesamt,K03455,576.0
2018,Grafschaft Bentheim,Veraenderung_Insgesamt,K03456,532.0
2018,Leer,Veraenderung_Insgesamt,K03457,707.0
2018,Oldenburg,Veraenderung_Insgesamt,K03458,624.0
2018,Osnabrück,Veraenderung_Insgesamt,K03459,1391.0
2018,Vechta,Veraenderung_Insgesamt,K03460,1093.0
2018,Wesermarsch,Veraenderung_Insgesamt,K03461,258.0
2018,Wittmund,Veraenderung_Insgesamt,K03462,239.0
2012,Niedersachsen,Neubau,K030,19201.0
2012,Braunschweig,Neubau,K031,2139.0
2012,Braunschweig Stadt,Neubau,K03101,455.0
2012,Salzgitter.Stadt,Neubau,K03102,65.0
2012,Wolfsburg.Stadt,Neubau,K03103,278.0
2012,Gifhorn,Neubau,K03151,383.0
2012,Goslar,Neubau,K03153,30.0
2012,Helmstedt,Neubau,K03154,47.0
2012,Northeim,Neubau,K03155,74.0
2012,Peine,Neubau,K03157,254.0
2012,Wolfenbüttel,Neubau,K03158,172.0
2012,Göttingen,Neubau,K03159,381.0
2012,Hannover,Neubau,K032,3798.0
2012,Hannover Region,Neubau,K03241,2247.0
2012,Hannover Landeshauptstadt,Neubau,K03241001,879.0
2012,Diepholz,Neubau,K03251,744.0
2012,Hameln-Pyrmont,Neubau,K03252,88.0
2012,Hildesheim,Neubau,K03254,248.0
2012,Holzminden,Neubau,K03255,46.0
2012,Nienburg (Weser),Neubau,K03256,207.0
2012,Schaumburg,Neubau,K03257,218.0
2012,Lüneburg,Neubau,K033,4462.0
2012,Celle,Neubau,K03351,260.0
2012,Cuxhaven,Neubau,K03352,591.0
2012,Harburg,Neubau,K03353,942.0
2012,Lüchow-Dannenberg,Neubau,K03354,31.0
2012,Lüneburg,Neubau,K03355,620.0
2012,Osterholz,Neubau,K03356,292.0
2012,Rotenburg (Wümme),Neubau,K03357,396.0
2012,Heidekreis,Neubau,K03358,138.0
2012,Stade,Neubau,K03359,746.0
2012,Uelzen,Neubau,K03360,92.0
2012,Verden,Neubau,K03361,354.0
2012,Weser-Ems,Neubau,K034,8802.0
2012,Delmenhorst.Stadt,Neubau,K03401,184.0
2012,Emden Stadt,Neubau,K03402,91.0
2012,Oldenburg (Oldb) Stadt,Neubau,K03403,990.0
2012,Osnabrück Stadt,Neubau,K03404,298.0
2012,Wilhelmshaven Stadt,Neubau,K03405,51.0
2012,Ammerland,Neubau,K03451,666.0
2012,Aurich,Neubau,K03452,626.0
2012,Cloppenburg,Neubau,K03453,826.0
2012,Emsland,Neubau,K03454,1672.0
2012,Friesland,Neubau,K03455,254.0
2012,Grafschaft Bentheim,Neubau,K03456,435.0
2012,Leer,Neubau,K03457,545.0
2012,Oldenburg,Neubau,K03458,266.0
2012,Osnabrück,Neubau,K03459,887.0
2012,Vechta,Neubau,K03460,718.0
2012,Wesermarsch,Neubau,K03461,122.0
2012,Wittmund,Neubau,K03462,171.0
2013,Niedersachsen,Neubau,K030,20921.0
2013,Braunschweig,Neubau,K031,2094.0
2013,Braunschweig Stadt,Neubau,K03101,227.0
2013,Salzgitter.Stadt,Neubau,K03102,100.0
2013,Wolfsburg.Stadt,Neubau,K03103,172.0
2013,Gifhorn,Neubau,K03151,566.0
2013,Goslar,Neubau,K03153,57.0
2013,Helmstedt,Neubau,K03154,102.0
2013,Northeim,Neubau,K03155,57.0
2013,Peine,Neubau,K03157,280.0
2013,Wolfenbüttel,Neubau,K03158,168.0
2013,Göttingen,Neubau,K03159,365.0
2013,Hannover,Neubau,K032,3434.0
2013,Hannover Region,Neubau,K03241,1906.0
2013,Hannover Landeshauptstadt,Neubau,K03241001,636.0
2013,Diepholz,Neubau,K03251,598.0
2013,Hameln-Pyrmont,Neubau,K03252,180.0
2013,Hildesheim,Neubau,K03254,336.0
2013,Holzminden,Neubau,K03255,8.0
2013,Nienburg (Weser),Neubau,K03256,194.0
2013,Schaumburg,Neubau,K03257,212.0
2013,Lüneburg,Neubau,K033,4976.0
2013,Celle,Neubau,K03351,319.0
2013,Cuxhaven,Neubau,K03352,591.0
2013,Harburg,Neubau,K03353,1054.0
2013,Lüchow-Dannenberg,Neubau,K03354,44.0
2013,Lüneburg,Neubau,K03355,741.0
2013,Osterholz,Neubau,K03356,224.0
2013,Rotenburg (Wümme),Neubau,K03357,373.0
2013,Heidekreis,Neubau,K03358,207.0
2013,Stade,Neubau,K03359,805.0
2013,Uelzen,Neubau,K03360,125.0
2013,Verden,Neubau,K03361,493.0
2013,Weser-Ems,Neubau,K034,10417.0
2013,Delmenhorst.Stadt,Neubau,K03401,133.0
2013,Emden Stadt,Neubau,K03402,101.0
2013,Oldenburg (Oldb) Stadt,Neubau,K03403,1080.0
2013,Osnabrück Stadt,Neubau,K03404,405.0
2013,Wilhelmshaven Stadt,Neubau,K03405,19.0
2013,Ammerland,Neubau,K03451,858.0
2013,Aurich,Neubau,K03452,915.0
2013,Cloppenburg,Neubau,K03453,963.0
2013,Emsland,Neubau,K03454,1827.0
2013,Friesland,Neubau,K03455,324.0
2013,Grafschaft Bentheim,Neubau,K03456,638.0
2013,Leer,Neubau,K03457,808.0
2013,Oldenburg,Neubau,K03458,276.0
2013,Osnabrück,Neubau,K03459,865.0
2013,Vechta,Neubau,K03460,847.0
2013,Wesermarsch,Neubau,K03461,158.0
2013,Wittmund,Neubau,K03462,200.0
2014,Niedersachsen,Neubau,K030,23351.0
2014,Braunschweig,Neubau,K031,2641.0
2014,Braunschweig Stadt,Neubau,K03101,296.0
2014,Salzgitter.Stadt,Neubau,K03102,55.0
2014,Wolfsburg.Stadt,Neubau,K03103,384.0
2014,Gifhorn,Neubau,K03151,691.0
2014,Goslar,Neubau,K03153,60.0
2014,Helmstedt,Neubau,K03154,178.0
2014,Northeim,Neubau,K03155,79.0
2014,Peine,Neubau,K03157,256.0
2014,Wolfenbüttel,Neubau,K03158,206.0
2014,Göttingen,Neubau,K03159,436.0
2014,Hannover,Neubau,K032,3890.0
2014,Hannover Region,Neubau,K03241,2355.0
2014,Hannover Landeshauptstadt,Neubau,K03241001,976.0
2014,Diepholz,Neubau,K03251,615.0
2014,Hameln-Pyrmont,Neubau,K03252,162.0
2014,Hildesheim,Neubau,K03254,369.0
2014,Holzminden,Neubau,K03255,20.0
2014,Nienburg (Weser),Neubau,K03256,186.0
2014,Schaumburg,Neubau,K03257,183.0
2014,Lüneburg,Neubau,K033,5539.0
2014,Celle,Neubau,K03351,332.0
2014,Cuxhaven,Neubau,K03352,789.0
2014,Harburg,Neubau,K03353,1105.0
2014,Lüchow-Dannenberg,Neubau,K03354,77.0
2014,Lüneburg,Neubau,K03355,492.0
2014,Osterholz,Neubau,K03356,333.0
2014,Rotenburg (Wümme),Neubau,K03357,526.0
2014,Heidekreis,Neubau,K03358,242.0
2014,Stade,Neubau,K03359,1052.0
2014,Uelzen,Neubau,K03360,173.0
2014,Verden,Neubau,K03361,418.0
2014,Weser-Ems,Neubau,K034,11281.0
2014,Delmenhorst.Stadt,Neubau,K03401,229.0
2014,Emden Stadt,Neubau,K03402,255.0
2014,Oldenburg (Oldb) Stadt,Neubau,K03403,698.0
2014,Osnabrück Stadt,Neubau,K03404,356.0
2014,Wilhelmshaven Stadt,Neubau,K03405,103.0
2014,Ammerland,Neubau,K03451,624.0
2014,Aurich,Neubau,K03452,754.0
2014,Cloppenburg,Neubau,K03453,1135.0
2014,Emsland,Neubau,K03454,2272.0
2014,Friesland,Neubau,K03455,492.0
2014,Grafschaft Bentheim,Neubau,K03456,788.0
2014,Leer,Neubau,K03457,757.0
2014,Oldenburg,Neubau,K03458,328.0
2014,Osnabrück,Neubau,K03459,1183.0
2014,Vechta,Neubau,K03460,944.0
2014,Wesermarsch,Neubau,K03461,133.0
2014,Wittmund,Neubau,K03462,230.0
2015,Niedersachsen,Neubau,K030,23169.0
2015,Braunschweig,Neubau,K031,2746.0
2015,Braunschweig Stadt,Neubau,K03101,348.0
2015,Salzgitter.Stadt,Neubau,K03102,46.0
2015,Wolfsburg.Stadt,Neubau,K03103,206.0
2015,Gifhorn,Neubau,K03151,641.0
2015,Goslar,Neubau,K03153,54.0
2015,Helmstedt,Neubau,K03154,129.0
2015,Northeim,Neubau,K03155,70.0
2015,Peine,Neubau,K03157,505.0
2015,Wolfenbüttel,Neubau,K03158,304.0
2015,Göttingen,Neubau,K03159,443.0
2015,Hannover,Neubau,K032,4386.0
2015,Hannover Region,Neubau,K03241,2549.0
2015,Hannover Landeshauptstadt,Neubau,K03241001,1116.0
2015,Diepholz,Neubau,K03251,678.0
2015,Hameln-Pyrmont,Neubau,K03252,83.0
2015,Hildesheim,Neubau,K03254,424.0
2015,Holzminden,Neubau,K03255,71.0
2015,Nienburg (Weser),Neubau,K03256,255.0
2015,Schaumburg,Neubau,K03257,326.0
2015,Lüneburg,Neubau,K033,5682.0
2015,Celle,Neubau,K03351,312.0
2015,Cuxhaven,Neubau,K03352,574.0
2015,Harburg,Neubau,K03353,1015.0
2015,Lüchow-Dannenberg,Neubau,K03354,44.0
2015,Lüneburg,Neubau,K03355,741.0
2015,Osterholz,Neubau,K03356,304.0
2015,Rotenburg (Wümme),Neubau,K03357,457.0
2015,Heidekreis,Neubau,K03358,214.0
2015,Stade,Neubau,K03359,1315.0
2015,Uelzen,Neubau,K03360,95.0
2015,Verden,Neubau,K03361,611.0
2015,Weser-Ems,Neubau,K034,10355.0
2015,Delmenhorst.Stadt,Neubau,K03401,141.0
2015,Emden Stadt,Neubau,K03402,64.0
2015,Oldenburg (Oldb) Stadt,Neubau,K03403,1072.0
2015,Osnabrück Stadt,Neubau,K03404,450.0
2015,Wilhelmshaven Stadt,Neubau,K03405,55.0
2015,Ammerland,Neubau,K03451,529.0
2015,Aurich,Neubau,K03452,760.0
2015,Cloppenburg,Neubau,K03453,818.0
2015,Emsland,Neubau,K03454,1800.0
2015,Friesland,Neubau,K03455,359.0
2015,Grafschaft Bentheim,Neubau,K03456,672.0
2015,Leer,Neubau,K03457,876.0
2015,Oldenburg,Neubau,K03458,498.0
2015,Osnabrück,Neubau,K03459,1101.0
2015,Vechta,Neubau,K03460,719.0
2015,Wesermarsch,Neubau,K03461,118.0
2015,Wittmund,Neubau,K03462,323.0
2016,Niedersachsen,Neubau,K030,26777.0
2016,Braunschweig,Neubau,K031,3444.0
2016,Braunschweig Stadt,Neubau,K03101,357.0
2016,Salzgitter.Stadt,Neubau,K03102,72.0
2016,Wolfsburg.Stadt,Neubau,K03103,637.0
2016,Gifhorn,Neubau,K03151,670.0
2016,Goslar,Neubau,K03153,101.0
2016,Helmstedt,Neubau,K03154,247.0
2016,Northeim,Neubau,K03155,118.0
2016,Peine,Neubau,K03157,440.0
2016,Wolfenbüttel,Neubau,K03158,209.0
2016,Göttingen,Neubau,K03159,593.0
2016,Hannover,Neubau,K032,4335.0
2016,Hannover Region,Neubau,K03241,2462.0
2016,Hannover Landeshauptstadt,Neubau,K03241001,820.0
2016,Diepholz,Neubau,K03251,695.0
2016,Hameln-Pyrmont,Neubau,K03252,103.0
2016,Hildesheim,Neubau,K03254,430.0
2016,Holzminden,Neubau,K03255,54.0
2016,Nienburg (Weser),Neubau,K03256,344.0
2016,Schaumburg,Neubau,K03257,247.0
2016,Lüneburg,Neubau,K033,6973.0
2016,Celle,Neubau,K03351,468.0
2016,Cuxhaven,Neubau,K03352,813.0
2016,Harburg,Neubau,K03353,1465.0
2016,Lüchow-Dannenberg,Neubau,K03354,83.0
2016,Lüneburg,Neubau,K03355,690.0
2016,Osterholz,Neubau,K03356,329.0
2016,Rotenburg (Wümme),Neubau,K03357,673.0
2016,Heidekreis,Neubau,K03358,430.0
2016,Stade,Neubau,K03359,1113.0
2016,Uelzen,Neubau,K03360,341.0
2016,Verden,Neubau,K03361,568.0
2016,Weser-Ems,Neubau,K034,12025.0
2016,Delmenhorst.Stadt,Neubau,K03401,180.0
2016,Emden Stadt,Neubau,K03402,111.0
2016,Oldenburg (Oldb) Stadt,Neubau,K03403,1303.0
2016,Osnabrück Stadt,Neubau,K03404,644.0
2016,Wilhelmshaven Stadt,Neubau,K03405,79.0
2016,Ammerland,Neubau,K03451,752.0
2016,Aurich,Neubau,K03452,766.0
2016,Cloppenburg,Neubau,K03453,1232.0
2016,Emsland,Neubau,K03454,1954.0
2016,Friesland,Neubau,K03455,509.0
2016,Grafschaft Bentheim,Neubau,K03456,562.0
2016,Leer,Neubau,K03457,812.0
2016,Oldenburg,Neubau,K03458,435.0
2016,Osnabrück,Neubau,K03459,1160.0
2016,Vechta,Neubau,K03460,1036.0
2016,Wesermarsch,Neubau,K03461,174.0
2016,Wittmund,Neubau,K03462,316.0
2017,Niedersachsen,Neubau,K030,25763.0
2017,Braunschweig,Neubau,K031,3579.0
2017,Braunschweig Stadt,Neubau,K03101,276.0
2017,Salzgitter.Stadt,Neubau,K03102,119.0
2017,Wolfsburg.Stadt,Neubau,K03103,382.0
2017,Gifhorn,Neubau,K03151,921.0
2017,Goslar,Neubau,K03153,60.0
2017,Helmstedt,Neubau,K03154,235.0
2017,Northeim,Neubau,K03155,199.0
2017,Peine,Neubau,K03157,618.0
2017,Wolfenbüttel,Neubau,K03158,181.0
2017,Göttingen,Neubau,K03159,588.0
2017,Hannover,Neubau,K032,4534.0
2017,Hannover Region,Neubau,K03241,2836.0
2017,Hannover Landeshauptstadt,Neubau,K03241001,936.0
2017,Diepholz,Neubau,K03251,628.0
2017,Hameln-Pyrmont,Neubau,K03252,129.0
2017,Hildesheim,Neubau,K03254,389.0
2017,Holzminden,Neubau,K03255,39.0
2017,Nienburg (Weser),Neubau,K03256,217.0
2017,Schaumburg,Neubau,K03257,296.0
2017,Lüneburg,Neubau,K033,6469.0
2017,Celle,Neubau,K03351,318.0
2017,Cuxhaven,Neubau,K03352,683.0
2017,Harburg,Neubau,K03353,1027.0
2017,Lüchow-Dannenberg,Neubau,K03354,39.0
2017,Lüneburg,Neubau,K03355,1294.0
2017,Osterholz,Neubau,K03356,378.0
2017,Rotenburg (Wümme),Neubau,K03357,674.0
2017,Heidekreis,Neubau,K03358,282.0
2017,Stade,Neubau,K03359,1184.0
2017,Uelzen,Neubau,K03360,109.0
2017,Verden,Neubau,K03361,481.0
2017,Weser-Ems,Neubau,K034,11181.0
2017,Delmenhorst.Stadt,Neubau,K03401,168.0
2017,Emden Stadt,Neubau,K03402,115.0
2017,Oldenburg (Oldb) Stadt,Neubau,K03403,1075.0
2017,Osnabrück Stadt,Neubau,K03404,317.0
2017,Wilhelmshaven Stadt,Neubau,K03405,76.0
2017,Ammerland,Neubau,K03451,560.0
2017,Aurich,Neubau,K03452,725.0
2017,Cloppenburg,Neubau,K03453,1201.0
2017,Emsland,Neubau,K03454,2038.0
2017,Friesland,Neubau,K03455,461.0
2017,Grafschaft Bentheim,Neubau,K03456,779.0
2017,Leer,Neubau,K03457,840.0
2017,Oldenburg,Neubau,K03458,407.0
2017,Osnabrück,Neubau,K03459,1169.0
2017,Vechta,Neubau,K03460,845.0
2017,Wesermarsch,Neubau,K03461,147.0
2017,Wittmund,Neubau,K03462,258.0
2018,Niedersachsen,Neubau,K030,25131.0
2018,Braunschweig,Neubau,K031,3302.0
2018,Braunschweig Stadt,Neubau,K03101,570.0
2018,Salzgitter.Stadt,Neubau,K03102,63.0
2018,Wolfsburg.Stadt,Neubau,K03103,226.0
2018,Gifhorn,Neubau,K03151,758.0
2018,Goslar,Neubau,K03153,54.0
2018,Helmstedt,Neubau,K03154,281.0
2018,Northeim,Neubau,K03155,183.0
2018,Peine,Neubau,K03157,478.0
2018,Wolfenbüttel,Neubau,K03158,252.0
2018,Göttingen,Neubau,K03159,437.0
2018,Hannover,Neubau,K032,4948.0
2018,Hannover Region,Neubau,K03241,2868.0
2018,Hannover Landeshauptstadt,Neubau,K03241001,1325.0
2018,Diepholz,Neubau,K03251,704.0
2018,Hameln-Pyrmont,Neubau,K03252,100.0
2018,Hildesheim,Neubau,K03254,524.0
2018,Holzminden,Neubau,K03255,62.0
2018,Nienburg (Weser),Neubau,K03256,315.0
2018,Schaumburg,Neubau,K03257,375.0
2018,Lüneburg,Neubau,K033,5663.0
2018,Celle,Neubau,K03351,525.0
2018,Cuxhaven,Neubau,K03352,545.0
2018,Harburg,Neubau,K03353,802.0
2018,Lüchow-Dannenberg,Neubau,K03354,71.0
2018,Lüneburg,Neubau,K03355,550.0
2018,Osterholz,Neubau,K03356,361.0
2018,Rotenburg (Wümme),Neubau,K03357,608.0
2018,Heidekreis,Neubau,K03358,320.0
2018,Stade,Neubau,K03359,1313.0
2018,Uelzen,Neubau,K03360,177.0
2018,Verden,Neubau,K03361,391.0
2018,Weser-Ems,Neubau,K034,11218.0
2018,Delmenhorst.Stadt,Neubau,K03401,205.0
2018,Emden Stadt,Neubau,K03402,55.0
2018,Oldenburg (Oldb) Stadt,Neubau,K03403,1139.0
2018,Osnabrück Stadt,Neubau,K03404,501.0
2018,Wilhelmshaven Stadt,Neubau,K03405,82.0
2018,Ammerland,Neubau,K03451,759.0
2018,Aurich,Neubau,K03452,556.0
2018,Cloppenburg,Neubau,K03453,1229.0
2018,Emsland,Neubau,K03454,1759.0
2018,Friesland,Neubau,K03455,528.0
2018,Grafschaft Bentheim,Neubau,K03456,493.0
2018,Leer,Neubau,K03457,664.0
2018,Oldenburg,Neubau,K03458,589.0
2018,Osnabrück,Neubau,K03459,1235.0
2018,Vechta,Neubau,K03460,973.0
2018,Wesermarsch,Neubau,K03461,228.0
2018,Wittmund,Neubau,K03462,223.0
2012,Niedersachsen,Neubau_Anteil,K030,96.4
2012,Braunschweig,Neubau_Anteil,K031,116.3
2012,Braunschweig Stadt,Neubau_Anteil,K03101,88.5
2012,Salzgitter.Stadt,Neubau_Anteil,K03102,104.8
2012,Wolfsburg.Stadt,Neubau_Anteil,K03103,-751.4
2012,Gifhorn,Neubau_Anteil,K03151,93.6
2012,Goslar,Neubau_Anteil,K03153,93.8
2012,Helmstedt,Neubau_Anteil,K03154,95.9
2012,Northeim,Neubau_Anteil,K03155,92.5
2012,Peine,Neubau_Anteil,K03157,96.9
2012,Wolfenbüttel,Neubau_Anteil,K03158,104.2
2012,Göttingen,Neubau_Anteil,K03159,125.7
2012,Hannover,Neubau_Anteil,K032,91.1
2012,Hannover Region,Neubau_Anteil,K03241,89.7
2012,Hannover Landeshauptstadt,Neubau_Anteil,K03241001,86.3
2012,Diepholz,Neubau_Anteil,K03251,94.3
2012,Hameln-Pyrmont,Neubau_Anteil,K03252,84.6
2012,Hildesheim,Neubau_Anteil,K03254,102.1
2012,Holzminden,Neubau_Anteil,K03255,95.8
2012,Nienburg (Weser),Neubau_Anteil,K03256,90.4
2012,Schaumburg,Neubau_Anteil,K03257,87.2
2012,Lüneburg,Neubau_Anteil,K033,104.1
2012,Celle,Neubau_Anteil,K03351,200.0
2012,Cuxhaven,Neubau_Anteil,K03352,95.6
2012,Harburg,Neubau_Anteil,K03353,94.2
2012,Lüchow-Dannenberg,Neubau_Anteil,K03354,77.5
2012,Lüneburg,Neubau_Anteil,K03355,96.9
2012,Osterholz,Neubau_Anteil,K03356,91.8
2012,Rotenburg (Wümme),Neubau_Anteil,K03357,91.2
2012,Heidekreis,Neubau_Anteil,K03358,90.8
2012,Stade,Neubau_Anteil,K03359,94.7
2012,Uelzen,Neubau_Anteil,K03360,86.0
2012,Verden,Neubau_Anteil,K03361,590.0
2012,Weser-Ems,Neubau_Anteil,K034,91.5
2012,Delmenhorst.Stadt,Neubau_Anteil,K03401,98.9
2012,Emden Stadt,Neubau_Anteil,K03402,90.1
2012,Oldenburg (Oldb) Stadt,Neubau_Anteil,K03403,93.4
2012,Osnabrück Stadt,Neubau_Anteil,K03404,97.4
2012,Wilhelmshaven Stadt,Neubau_Anteil,K03405,79.7
2012,Ammerland,Neubau_Anteil,K03451,97.5
2012,Aurich,Neubau_Anteil,K03452,95.4
2012,Cloppenburg,Neubau_Anteil,K03453,93.4
2012,Emsland,Neubau_Anteil,K03454,90.9
2012,Friesland,Neubau_Anteil,K03455,82.5
2012,Grafschaft Bentheim,Neubau_Anteil,K03456,91.0
2012,Leer,Neubau_Anteil,K03457,83.8
2012,Oldenburg,Neubau_Anteil,K03458,92.7
2012,Osnabrück,Neubau_Anteil,K03459,89.5
2012,Vechta,Neubau_Anteil,K03460,89.9
2012,Wesermarsch,Neubau_Anteil,K03461,98.4
2012,Wittmund,Neubau_Anteil,K03462,83.8
2013,Niedersachsen,Neubau_Anteil,K030,92.2
2013,Braunschweig,Neubau_Anteil,K031,86.9
2013,Braunschweig Stadt,Neubau_Anteil,K03101,65.8
2013,Salzgitter.Stadt,Neubau_Anteil,K03102,92.6
2013,Wolfsburg.Stadt,Neubau_Anteil,K03103,89.1
2013,Gifhorn,Neubau_Anteil,K03151,92.5
2013,Goslar,Neubau_Anteil,K03153,81.4
2013,Helmstedt,Neubau_Anteil,K03154,83.6
2013,Northeim,Neubau_Anteil,K03155,86.4
2013,Peine,Neubau_Anteil,K03157,93.3
2013,Wolfenbüttel,Neubau_Anteil,K03158,100.0
2013,Göttingen,Neubau_Anteil,K03159,85.7
2013,Hannover,Neubau_Anteil,K032,91.6
2013,Hannover Region,Neubau_Anteil,K03241,96.4
2013,Hannover Landeshauptstadt,Neubau_Anteil,K03241001,98.0
2013,Diepholz,Neubau_Anteil,K03251,89.5
2013,Hameln-Pyrmont,Neubau_Anteil,K03252,79.6
2013,Hildesheim,Neubau_Anteil,K03254,86.4
2013,Holzminden,Neubau_Anteil,K03255,72.7
2013,Nienburg (Weser),Neubau_Anteil,K03256,78.9
2013,Schaumburg,Neubau_Anteil,K03257,92.2
2013,Lüneburg,Neubau_Anteil,K033,94.1
2013,Celle,Neubau_Anteil,K03351,95.8
2013,Cuxhaven,Neubau_Anteil,K03352,94.6
2013,Harburg,Neubau_Anteil,K03353,94.0
2013,Lüchow-Dannenberg,Neubau_Anteil,K03354,83.0
2013,Lüneburg,Neubau_Anteil,K03355,95.6
2013,Osterholz,Neubau_Anteil,K03356,95.3
2013,Rotenburg (Wümme),Neubau_Anteil,K03357,91.9
2013,Heidekreis,Neubau_Anteil,K03358,93.7
2013,Stade,Neubau_Anteil,K03359,95.4
2013,Uelzen,Neubau_Anteil,K03360,81.2
2013,Verden,Neubau_Anteil,K03361,95.0
2013,Weser-Ems,Neubau_Anteil,K034,92.6
2013,Delmenhorst.Stadt,Neubau_Anteil,K03401,84.7
2013,Emden Stadt,Neubau_Anteil,K03402,98.1
2013,Oldenburg (Oldb) Stadt,Neubau_Anteil,K03403,97.1
2013,Osnabrück Stadt,Neubau_Anteil,K03404,95.1
2013,Wilhelmshaven Stadt,Neubau_Anteil,K03405,111.8
2013,Ammerland,Neubau_Anteil,K03451,95.9
2013,Aurich,Neubau_Anteil,K03452,96.5
2013,Cloppenburg,Neubau_Anteil,K03453,91.7
2013,Emsland,Neubau_Anteil,K03454,93.8
2013,Friesland,Neubau_Anteil,K03455,93.1
2013,Grafschaft Bentheim,Neubau_Anteil,K03456,92.7
2013,Leer,Neubau_Anteil,K03457,96.7
2013,Oldenburg,Neubau_Anteil,K03458,94.2
2013,Osnabrück,Neubau_Anteil,K03459,90.5
2013,Vechta,Neubau_Anteil,K03460,78.9
2013,Wesermarsch,Neubau_Anteil,K03461,93.5
2013,Wittmund,Neubau_Anteil,K03462,85.5
2014,Niedersachsen,Neubau_Anteil,K030,91.4
2014,Braunschweig,Neubau_Anteil,K031,84.6
2014,Braunschweig Stadt,Neubau_Anteil,K03101,60.4
2014,Salzgitter.Stadt,Neubau_Anteil,K03102,100.0
2014,Wolfsburg.Stadt,Neubau_Anteil,K03103,95.0
2014,Gifhorn,Neubau_Anteil,K03151,95.6
2014,Goslar,Neubau_Anteil,K03153,55.0
2014,Helmstedt,Neubau_Anteil,K03154,97.8
2014,Northeim,Neubau_Anteil,K03155,85.9
2014,Peine,Neubau_Anteil,K03157,87.1
2014,Wolfenbüttel,Neubau_Anteil,K03158,93.2
2014,Göttingen,Neubau_Anteil,K03159,79.3
2014,Hannover,Neubau_Anteil,K032,92.5
2014,Hannover Region,Neubau_Anteil,K03241,94.2
2014,Hannover Landeshauptstadt,Neubau_Anteil,K03241001,92.6
2014,Diepholz,Neubau_Anteil,K03251,88.2
2014,Hameln-Pyrmont,Neubau_Anteil,K03252,92.6
2014,Hildesheim,Neubau_Anteil,K03254,91.3
2014,Holzminden,Neubau_Anteil,K03255,133.3
2014,Nienburg (Weser),Neubau_Anteil,K03256,85.7
2014,Schaumburg,Neubau_Anteil,K03257,91.5
2014,Lüneburg,Neubau_Anteil,K033,93.8
2014,Celle,Neubau_Anteil,K03351,90.2
2014,Cuxhaven,Neubau_Anteil,K03352,100.4
2014,Harburg,Neubau_Anteil,K03353,96.1
2014,Lüchow-Dannenberg,Neubau_Anteil,K03354,77.0
2014,Lüneburg,Neubau_Anteil,K03355,93.4
2014,Osterholz,Neubau_Anteil,K03356,92.2
2014,Rotenburg (Wümme),Neubau_Anteil,K03357,84.7
2014,Heidekreis,Neubau_Anteil,K03358,91.0
2014,Stade,Neubau_Anteil,K03359,97.5
2014,Uelzen,Neubau_Anteil,K03360,86.9
2014,Verden,Neubau_Anteil,K03361,93.3
2014,Weser-Ems,Neubau_Anteil,K034,91.5
2014,Delmenhorst.Stadt,Neubau_Anteil,K03401,101.3
2014,Emden Stadt,Neubau_Anteil,K03402,84.4
2014,Oldenburg (Oldb) Stadt,Neubau_Anteil,K03403,93.1
2014,Osnabrück Stadt,Neubau_Anteil,K03404,97.8
2014,Wilhelmshaven Stadt,Neubau_Anteil,K03405,82.4
2014,Ammerland,Neubau_Anteil,K03451,90.4
2014,Aurich,Neubau_Anteil,K03452,93.1
2014,Cloppenburg,Neubau_Anteil,K03453,92.9
2014,Emsland,Neubau_Anteil,K03454,92.2
2014,Friesland,Neubau_Anteil,K03455,91.6
2014,Grafschaft Bentheim,Neubau_Anteil,K03456,92.7
2014,Leer,Neubau_Anteil,K03457,93.9
2014,Oldenburg,Neubau_Anteil,K03458,95.1
2014,Osnabrück,Neubau_Anteil,K03459,89.1
2014,Vechta,Neubau_Anteil,K03460,87.2
2014,Wesermarsch,Neubau_Anteil,K03461,95.0
2014,Wittmund,Neubau_Anteil,K03462,80.1
2015,Niedersachsen,Neubau_Anteil,K030,91.2
2015,Braunschweig,Neubau_Anteil,K031,89.7
2015,Braunschweig Stadt,Neubau_Anteil,K03101,86.4
2015,Salzgitter.Stadt,Neubau_Anteil,K03102,79.3
2015,Wolfsburg.Stadt,Neubau_Anteil,K03103,94.1
2015,Gifhorn,Neubau_Anteil,K03151,92.5
2015,Goslar,Neubau_Anteil,K03153,74.0
2015,Helmstedt,Neubau_Anteil,K03154,97.0
2015,Northeim,Neubau_Anteil,K03155,72.9
2015,Peine,Neubau_Anteil,K03157,92.8
2015,Wolfenbüttel,Neubau_Anteil,K03158,97.4
2015,Göttingen,Neubau_Anteil,K03159,83.3
2015,Hannover,Neubau_Anteil,K032,91.0
2015,Hannover Region,Neubau_Anteil,K03241,93.3
2015,Hannover Landeshauptstadt,Neubau_Anteil,K03241001,90.7
2015,Diepholz,Neubau_Anteil,K03251,90.5
2015,Hameln-Pyrmont,Neubau_Anteil,K03252,56.5
2015,Hildesheim,Neubau_Anteil,K03254,89.3
2015,Holzminden,Neubau_Anteil,K03255,87.7
2015,Nienburg (Weser),Neubau_Anteil,K03256,85.9
2015,Schaumburg,Neubau_Anteil,K03257,96.4
2015,Lüneburg,Neubau_Anteil,K033,91.4
2015,Celle,Neubau_Anteil,K03351,80.2
2015,Cuxhaven,Neubau_Anteil,K03352,95.7
2015,Harburg,Neubau_Anteil,K03353,93.3
2015,Lüchow-Dannenberg,Neubau_Anteil,K03354,57.1
2015,Lüneburg,Neubau_Anteil,K03355,95.5
2015,Osterholz,Neubau_Anteil,K03356,89.7
2015,Rotenburg (Wümme),Neubau_Anteil,K03357,84.9
2015,Heidekreis,Neubau_Anteil,K03358,83.9
2015,Stade,Neubau_Anteil,K03359,96.5
2015,Uelzen,Neubau_Anteil,K03360,85.6
2015,Verden,Neubau_Anteil,K03361,90.0
2015,Weser-Ems,Neubau_Anteil,K034,91.5
2015,Delmenhorst.Stadt,Neubau_Anteil,K03401,95.3
2015,Emden Stadt,Neubau_Anteil,K03402,84.2
2015,Oldenburg (Oldb) Stadt,Neubau_Anteil,K03403,98.0
2015,Osnabrück Stadt,Neubau_Anteil,K03404,89.8
2015,Wilhelmshaven Stadt,Neubau_Anteil,K03405,101.9
2015,Ammerland,Neubau_Anteil,K03451,96.7
2015,Aurich,Neubau_Anteil,K03452,92.7
2015,Cloppenburg,Neubau_Anteil,K03453,88.4
2015,Emsland,Neubau_Anteil,K03454,90.8
2015,Friesland,Neubau_Anteil,K03455,92.3
2015,Grafschaft Bentheim,Neubau_Anteil,K03456,87.8
2015,Leer,Neubau_Anteil,K03457,94.1
2015,Oldenburg,Neubau_Anteil,K03458,93.1
2015,Osnabrück,Neubau_Anteil,K03459,88.6
2015,Vechta,Neubau_Anteil,K03460,87.9
2015,Wesermarsch,Neubau_Anteil,K03461,95.2
2015,Wittmund,Neubau_Anteil,K03462,90.0
2016,Niedersachsen,Neubau_Anteil,K030,91.6
2016,Braunschweig,Neubau_Anteil,K031,88.6
2016,Braunschweig Stadt,Neubau_Anteil,K03101,82.6
2016,Salzgitter.Stadt,Neubau_Anteil,K03102,91.1
2016,Wolfsburg.Stadt,Neubau_Anteil,K03103,97.3
2016,Gifhorn,Neubau_Anteil,K03151,91.5
2016,Goslar,Neubau_Anteil,K03153,83.5
2016,Helmstedt,Neubau_Anteil,K03154,102.9
2016,Northeim,Neubau_Anteil,K03155,95.9
2016,Peine,Neubau_Anteil,K03157,92.4
2016,Wolfenbüttel,Neubau_Anteil,K03158,55.4
2016,Göttingen,Neubau_Anteil,K03159,90.7
2016,Hannover,Neubau_Anteil,K032,92.1
2016,Hannover Region,Neubau_Anteil,K03241,92.8
2016,Hannover Landeshauptstadt,Neubau_Anteil,K03241001,90.6
2016,Diepholz,Neubau_Anteil,K03251,90.4
2016,Hameln-Pyrmont,Neubau_Anteil,K03252,110.8
2016,Hildesheim,Neubau_Anteil,K03254,89.6
2016,Holzminden,Neubau_Anteil,K03255,93.1
2016,Nienburg (Weser),Neubau_Anteil,K03256,87.8
2016,Schaumburg,Neubau_Anteil,K03257,93.9
2016,Lüneburg,Neubau_Anteil,K033,90.9
2016,Celle,Neubau_Anteil,K03351,89.5
2016,Cuxhaven,Neubau_Anteil,K03352,92.9
2016,Harburg,Neubau_Anteil,K03353,95.4
2016,Lüchow-Dannenberg,Neubau_Anteil,K03354,50.0
2016,Lüneburg,Neubau_Anteil,K03355,86.6
2016,Osterholz,Neubau_Anteil,K03356,92.9
2016,Rotenburg (Wümme),Neubau_Anteil,K03357,93.2
2016,Heidekreis,Neubau_Anteil,K03358,90.3
2016,Stade,Neubau_Anteil,K03359,91.8
2016,Uelzen,Neubau_Anteil,K03360,82.6
2016,Verden,Neubau_Anteil,K03361,95.9
2016,Weser-Ems,Neubau_Anteil,K034,92.7
2016,Delmenhorst.Stadt,Neubau_Anteil,K03401,92.3
2016,Emden Stadt,Neubau_Anteil,K03402,85.4
2016,Oldenburg (Oldb) Stadt,Neubau_Anteil,K03403,97.1
2016,Osnabrück Stadt,Neubau_Anteil,K03404,93.2
2016,Wilhelmshaven Stadt,Neubau_Anteil,K03405,82.3
2016,Ammerland,Neubau_Anteil,K03451,95.2
2016,Aurich,Neubau_Anteil,K03452,96.5
2016,Cloppenburg,Neubau_Anteil,K03453,92.4
2016,Emsland,Neubau_Anteil,K03454,91.4
2016,Friesland,Neubau_Anteil,K03455,94.4
2016,Grafschaft Bentheim,Neubau_Anteil,K03456,96.9
2016,Leer,Neubau_Anteil,K03457,94.2
2016,Oldenburg,Neubau_Anteil,K03458,91.2
2016,Osnabrück,Neubau_Anteil,K03459,90.6
2016,Vechta,Neubau_Anteil,K03460,87.5
2016,Wesermarsch,Neubau_Anteil,K03461,95.1
2016,Wittmund,Neubau_Anteil,K03462,90.3
2017,Niedersachsen,Neubau_Anteil,K030,90.1
2017,Braunschweig,Neubau_Anteil,K031,87.8
2017,Braunschweig Stadt,Neubau_Anteil,K03101,92.3
2017,Salzgitter.Stadt,Neubau_Anteil,K03102,111.2
2017,Wolfsburg.Stadt,Neubau_Anteil,K03103,85.1
2017,Gifhorn,Neubau_Anteil,K03151,89.6
2017,Goslar,Neubau_Anteil,K03153,41.4
2017,Helmstedt,Neubau_Anteil,K03154,93.3
2017,Northeim,Neubau_Anteil,K03155,90.5
2017,Peine,Neubau_Anteil,K03157,89.6
2017,Wolfenbüttel,Neubau_Anteil,K03158,91.4
2017,Göttingen,Neubau_Anteil,K03159,85.7
2017,Hannover,Neubau_Anteil,K032,90.4
2017,Hannover Region,Neubau_Anteil,K03241,91.1
2017,Hannover Landeshauptstadt,Neubau_Anteil,K03241001,85.1
2017,Diepholz,Neubau_Anteil,K03251,88.5
2017,Hameln-Pyrmont,Neubau_Anteil,K03252,90.8
2017,Hildesheim,Neubau_Anteil,K03254,86.4
2017,Holzminden,Neubau_Anteil,K03255,83.0
2017,Nienburg (Weser),Neubau_Anteil,K03256,86.1
2017,Schaumburg,Neubau_Anteil,K03257,99.0
2017,Lüneburg,Neubau_Anteil,K033,92.4
2017,Celle,Neubau_Anteil,K03351,92.2
2017,Cuxhaven,Neubau_Anteil,K03352,93.2
2017,Harburg,Neubau_Anteil,K03353,96.2
2017,Lüchow-Dannenberg,Neubau_Anteil,K03354,100.0
2017,Lüneburg,Neubau_Anteil,K03355,94.8
2017,Osterholz,Neubau_Anteil,K03356,96.2
2017,Rotenburg (Wümme),Neubau_Anteil,K03357,90.0
2017,Heidekreis,Neubau_Anteil,K03358,93.7
2017,Stade,Neubau_Anteil,K03359,88.3
2017,Uelzen,Neubau_Anteil,K03360,83.8
2017,Verden,Neubau_Anteil,K03361,89.2
2017,Weser-Ems,Neubau_Anteil,K034,89.4
2017,Delmenhorst.Stadt,Neubau_Anteil,K03401,80.0
2017,Emden Stadt,Neubau_Anteil,K03402,51.6
2017,Oldenburg (Oldb) Stadt,Neubau_Anteil,K03403,80.8
2017,Osnabrück Stadt,Neubau_Anteil,K03404,73.9
2017,Wilhelmshaven Stadt,Neubau_Anteil,K03405,107.0
2017,Ammerland,Neubau_Anteil,K03451,90.0
2017,Aurich,Neubau_Anteil,K03452,94.3
2017,Cloppenburg,Neubau_Anteil,K03453,93.1
2017,Emsland,Neubau_Anteil,K03454,91.2
2017,Friesland,Neubau_Anteil,K03455,95.8
2017,Grafschaft Bentheim,Neubau_Anteil,K03456,93.6
2017,Leer,Neubau_Anteil,K03457,92.0
2017,Oldenburg,Neubau_Anteil,K03458,93.3
2017,Osnabrück,Neubau_Anteil,K03459,89.9
2017,Vechta,Neubau_Anteil,K03460,91.5
2017,Wesermarsch,Neubau_Anteil,K03461,93.0
2017,Wittmund,Neubau_Anteil,K03462,89.0
2018,Niedersachsen,Neubau_Anteil,K030,92.1
2018,Braunschweig,Neubau_Anteil,K031,91.3
2018,Braunschweig Stadt,Neubau_Anteil,K03101,90.5
2018,Salzgitter.Stadt,Neubau_Anteil,K03102,78.8
2018,Wolfsburg.Stadt,Neubau_Anteil,K03103,102.7
2018,Gifhorn,Neubau_Anteil,K03151,91.2
2018,Goslar,Neubau_Anteil,K03153,80.6
2018,Helmstedt,Neubau_Anteil,K03154,97.9
2018,Northeim,Neubau_Anteil,K03155,89.7
2018,Peine,Neubau_Anteil,K03157,91.0
2018,Wolfenbüttel,Neubau_Anteil,K03158,98.4
2018,Göttingen,Neubau_Anteil,K03159,84.9
2018,Hannover,Neubau_Anteil,K032,90.8
2018,Hannover Region,Neubau_Anteil,K03241,90.0
2018,Hannover Landeshauptstadt,Neubau_Anteil,K03241001,86.5
2018,Diepholz,Neubau_Anteil,K03251,90.6
2018,Hameln-Pyrmont,Neubau_Anteil,K03252,96.2
2018,Hildesheim,Neubau_Anteil,K03254,93.7
2018,Holzminden,Neubau_Anteil,K03255,89.9
2018,Nienburg (Weser),Neubau_Anteil,K03256,89.2
2018,Schaumburg,Neubau_Anteil,K03257,93.3
2018,Lüneburg,Neubau_Anteil,K033,94.2
2018,Celle,Neubau_Anteil,K03351,92.6
2018,Cuxhaven,Neubau_Anteil,K03352,95.6
2018,Harburg,Neubau_Anteil,K03353,93.0
2018,Lüchow-Dannenberg,Neubau_Anteil,K03354,71.7
2018,Lüneburg,Neubau_Anteil,K03355,90.3
2018,Osterholz,Neubau_Anteil,K03356,99.2
2018,Rotenburg (Wümme),Neubau_Anteil,K03357,96.8
2018,Heidekreis,Neubau_Anteil,K03358,93.3
2018,Stade,Neubau_Anteil,K03359,94.9
2018,Uelzen,Neubau_Anteil,K03360,98.9
2018,Verden,Neubau_Anteil,K03361,95.6
2018,Weser-Ems,Neubau_Anteil,K034,91.9
2018,Delmenhorst.Stadt,Neubau_Anteil,K03401,93.6
2018,Emden Stadt,Neubau_Anteil,K03402,83.3
2018,Oldenburg (Oldb) Stadt,Neubau_Anteil,K03403,94.5
2018,Osnabrück Stadt,Neubau_Anteil,K03404,87.0
2018,Wilhelmshaven Stadt,Neubau_Anteil,K03405,67.8
2018,Ammerland,Neubau_Anteil,K03451,94.3
2018,Aurich,Neubau_Anteil,K03452,96.7
2018,Cloppenburg,Neubau_Anteil,K03453,93.2
2018,Emsland,Neubau_Anteil,K03454,92.5
2018,Friesland,Neubau_Anteil,K03455,91.7
2018,Grafschaft Bentheim,Neubau_Anteil,K03456,92.7
2018,Leer,Neubau_Anteil,K03457,93.9
2018,Oldenburg,Neubau_Anteil,K03458,94.4
2018,Osnabrück,Neubau_Anteil,K03459,88.8
2018,Vechta,Neubau_Anteil,K03460,89.0
2018,Wesermarsch,Neubau_Anteil,K03461,88.4
2018,Wittmund,Neubau_Anteil,K03462,93.3
2012,Niedersachsen,Bestand_Jahresende,K030,3840475.0
2012,Braunschweig,Bestand_Jahresende,K031,822205.0
2012,Braunschweig Stadt,Bestand_Jahresende,K03101,136237.0
2012,Salzgitter.Stadt,Bestand_Jahresende,K03102,55028.0
2012,Wolfsburg.Stadt,Bestand_Jahresende,K03103,63875.0
2012,Gifhorn,Bestand_Jahresende,K03151,76341.0
2012,Goslar,Bestand_Jahresende,K03153,80265.0
2012,Helmstedt,Bestand_Jahresende,K03154,47254.0
2012,Northeim,Bestand_Jahresende,K03155,68938.0
2012,Peine,Bestand_Jahresende,K03157,61174.0
2012,Wolfenbüttel,Bestand_Jahresende,K03158,60011.0
2012,Göttingen,Bestand_Jahresende,K03159,173082.0
2012,Hannover,Bestand_Jahresende,K032,1072232.0
2012,Hannover Region,Bestand_Jahresende,K03241,583514.0
2012,Hannover Landeshauptstadt,Bestand_Jahresende,K03241001,290418.0
2012,Diepholz,Bestand_Jahresende,K03251,96778.0
2012,Hameln-Pyrmont,Bestand_Jahresende,K03252,79505.0
2012,Hildesheim,Bestand_Jahresende,K03254,139773.0
2012,Holzminden,Bestand_Jahresende,K03255,38234.0
2012,Nienburg (Weser),Bestand_Jahresende,K03256,55935.0
2012,Schaumburg,Bestand_Jahresende,K03257,78493.0
2012,Lüneburg,Bestand_Jahresende,K033,805081.0
2012,Celle,Bestand_Jahresende,K03351,87243.0
2012,Cuxhaven,Bestand_Jahresende,K03352,100119.0
2012,Harburg,Bestand_Jahresende,K03353,114640.0
2012,Lüchow-Dannenberg,Bestand_Jahresende,K03354,26095.0
2012,Lüneburg,Bestand_Jahresende,K03355,85570.0
2012,Osterholz,Bestand_Jahresende,K03356,50700.0
2012,Rotenburg (Wümme),Bestand_Jahresende,K03357,73096.0
2012,Heidekreis,Bestand_Jahresende,K03358,66497.0
2012,Stade,Bestand_Jahresende,K03359,92584.0
2012,Uelzen,Bestand_Jahresende,K03360,47357.0
2012,Verden,Bestand_Jahresende,K03361,61180.0
2012,Weser-Ems,Bestand_Jahresende,K034,1140957.0
2012,Delmenhorst.Stadt,Bestand_Jahresende,K03401,37729.0
2012,Emden Stadt,Bestand_Jahresende,K03402,25641.0
2012,Oldenburg (Oldb) Stadt,Bestand_Jahresende,K03403,86642.0
2012,Osnabrück Stadt,Bestand_Jahresende,K03404,84790.0
2012,Wilhelmshaven Stadt,Bestand_Jahresende,K03405,45188.0
2012,Ammerland,Bestand_Jahresende,K03451,55334.0
2012,Aurich,Bestand_Jahresende,K03452,93614.0
2012,Cloppenburg,Bestand_Jahresende,K03453,61899.0
2012,Emsland,Bestand_Jahresende,K03454,128719.0
2012,Friesland,Bestand_Jahresende,K03455,49836.0
2012,Grafschaft Bentheim,Bestand_Jahresende,K03456,57425.0
2012,Leer,Bestand_Jahresende,K03457,77393.0
2012,Oldenburg,Bestand_Jahresende,K03458,55487.0
2012,Osnabrück,Bestand_Jahresende,K03459,153203.0
2012,Vechta,Bestand_Jahresende,K03460,53169.0
2012,Wesermarsch,Bestand_Jahresende,K03461,45386.0
2012,Wittmund,Bestand_Jahresende,K03462,29502.0
2013,Niedersachsen,Bestand_Jahresende,K030,3863171.0
2013,Braunschweig,Bestand_Jahresende,K031,824615.0
2013,Braunschweig Stadt,Bestand_Jahresende,K03101,136582.0
2013,Salzgitter.Stadt,Bestand_Jahresende,K03102,55136.0
2013,Wolfsburg.Stadt,Bestand_Jahresende,K03103,64068.0
2013,Gifhorn,Bestand_Jahresende,K03151,76953.0
2013,Goslar,Bestand_Jahresende,K03153,80335.0
2013,Helmstedt,Bestand_Jahresende,K03154,47376.0
2013,Northeim,Bestand_Jahresende,K03155,69004.0
2013,Peine,Bestand_Jahresende,K03157,61474.0
2013,Wolfenbüttel,Bestand_Jahresende,K03158,60179.0
2013,Göttingen,Bestand_Jahresende,K03159,173508.0
2013,Hannover,Bestand_Jahresende,K032,1075980.0
2013,Hannover Region,Bestand_Jahresende,K03241,585492.0
2013,Hannover Landeshauptstadt,Bestand_Jahresende,K03241001,291067.0
2013,Diepholz,Bestand_Jahresende,K03251,97446.0
2013,Hameln-Pyrmont,Bestand_Jahresende,K03252,79731.0
2013,Hildesheim,Bestand_Jahresende,K03254,140162.0
2013,Holzminden,Bestand_Jahresende,K03255,38245.0
2013,Nienburg (Weser),Bestand_Jahresende,K03256,56181.0
2013,Schaumburg,Bestand_Jahresende,K03257,78723.0
2013,Lüneburg,Bestand_Jahresende,K033,810367.0
2013,Celle,Bestand_Jahresende,K03351,87576.0
2013,Cuxhaven,Bestand_Jahresende,K03352,100744.0
2013,Harburg,Bestand_Jahresende,K03353,115761.0
2013,Lüchow-Dannenberg,Bestand_Jahresende,K03354,26148.0
2013,Lüneburg,Bestand_Jahresende,K03355,86345.0
2013,Osterholz,Bestand_Jahresende,K03356,50935.0
2013,Rotenburg (Wümme),Bestand_Jahresende,K03357,73502.0
2013,Heidekreis,Bestand_Jahresende,K03358,66718.0
2013,Stade,Bestand_Jahresende,K03359,93428.0
2013,Uelzen,Bestand_Jahresende,K03360,47511.0
2013,Verden,Bestand_Jahresende,K03361,61699.0
2013,Weser-Ems,Bestand_Jahresende,K034,1152209.0
2013,Delmenhorst.Stadt,Bestand_Jahresende,K03401,37886.0
2013,Emden Stadt,Bestand_Jahresende,K03402,25744.0
2013,Oldenburg (Oldb) Stadt,Bestand_Jahresende,K03403,87754.0
2013,Osnabrück Stadt,Bestand_Jahresende,K03404,85216.0
2013,Wilhelmshaven Stadt,Bestand_Jahresende,K03405,45205.0
2013,Ammerland,Bestand_Jahresende,K03451,56229.0
2013,Aurich,Bestand_Jahresende,K03452,94562.0
2013,Cloppenburg,Bestand_Jahresende,K03453,62949.0
2013,Emsland,Bestand_Jahresende,K03454,130666.0
2013,Friesland,Bestand_Jahresende,K03455,50184.0
2013,Grafschaft Bentheim,Bestand_Jahresende,K03456,58113.0
2013,Leer,Bestand_Jahresende,K03457,78229.0
2013,Oldenburg,Bestand_Jahresende,K03458,55780.0
2013,Osnabrück,Bestand_Jahresende,K03459,154159.0
2013,Vechta,Bestand_Jahresende,K03460,54242.0
2013,Wesermarsch,Bestand_Jahresende,K03461,45555.0
2013,Wittmund,Bestand_Jahresende,K03462,29736.0
2014,Niedersachsen,Bestand_Jahresende,K030,3888731.0
2014,Braunschweig,Bestand_Jahresende,K031,827735.0
2014,Braunschweig Stadt,Bestand_Jahresende,K03101,137072.0
2014,Salzgitter.Stadt,Bestand_Jahresende,K03102,55191.0
2014,Wolfsburg.Stadt,Bestand_Jahresende,K03103,64472.0
2014,Gifhorn,Bestand_Jahresende,K03151,77676.0
2014,Goslar,Bestand_Jahresende,K03153,80444.0
2014,Helmstedt,Bestand_Jahresende,K03154,47558.0
2014,Northeim,Bestand_Jahresende,K03155,69096.0
2014,Peine,Bestand_Jahresende,K03157,61768.0
2014,Wolfenbüttel,Bestand_Jahresende,K03158,60400.0
2014,Göttingen,Bestand_Jahresende,K03159,174058.0
2014,Hannover,Bestand_Jahresende,K032,1080187.0
2014,Hannover Region,Bestand_Jahresende,K03241,587991.0
2014,Hannover Landeshauptstadt,Bestand_Jahresende,K03241001,292121.0
2014,Diepholz,Bestand_Jahresende,K03251,98143.0
2014,Hameln-Pyrmont,Bestand_Jahresende,K03252,79906.0
2014,Hildesheim,Bestand_Jahresende,K03254,140566.0
2014,Holzminden,Bestand_Jahresende,K03255,38260.0
2014,Nienburg (Weser),Bestand_Jahresende,K03256,56398.0
2014,Schaumburg,Bestand_Jahresende,K03257,78923.0
2014,Lüneburg,Bestand_Jahresende,K033,816272.0
2014,Celle,Bestand_Jahresende,K03351,87944.0
2014,Cuxhaven,Bestand_Jahresende,K03352,101530.0
2014,Harburg,Bestand_Jahresende,K03353,116911.0
2014,Lüchow-Dannenberg,Bestand_Jahresende,K03354,26248.0
2014,Lüneburg,Bestand_Jahresende,K03355,86872.0
2014,Osterholz,Bestand_Jahresende,K03356,51296.0
2014,Rotenburg (Wümme),Bestand_Jahresende,K03357,74123.0
2014,Heidekreis,Bestand_Jahresende,K03358,66984.0
2014,Stade,Bestand_Jahresende,K03359,94507.0
2014,Uelzen,Bestand_Jahresende,K03360,47710.0
2014,Verden,Bestand_Jahresende,K03361,62147.0
2014,Weser-Ems,Bestand_Jahresende,K034,1164537.0
2014,Delmenhorst.Stadt,Bestand_Jahresende,K03401,38112.0
2014,Emden Stadt,Bestand_Jahresende,K03402,26046.0
2014,Oldenburg (Oldb) Stadt,Bestand_Jahresende,K03403,88504.0
2014,Osnabrück Stadt,Bestand_Jahresende,K03404,85580.0
2014,Wilhelmshaven Stadt,Bestand_Jahresende,K03405,45330.0
2014,Ammerland,Bestand_Jahresende,K03451,56919.0
2014,Aurich,Bestand_Jahresende,K03452,95372.0
2014,Cloppenburg,Bestand_Jahresende,K03453,64171.0
2014,Emsland,Bestand_Jahresende,K03454,133129.0
2014,Friesland,Bestand_Jahresende,K03455,50721.0
2014,Grafschaft Bentheim,Bestand_Jahresende,K03456,58963.0
2014,Leer,Bestand_Jahresende,K03457,79035.0
2014,Oldenburg,Bestand_Jahresende,K03458,56125.0
2014,Osnabrück,Bestand_Jahresende,K03459,155487.0
2014,Vechta,Bestand_Jahresende,K03460,55325.0
2014,Wesermarsch,Bestand_Jahresende,K03461,45695.0
2014,Wittmund,Bestand_Jahresende,K03462,30023.0
2015,Niedersachsen,Bestand_Jahresende,K030,3914139.0
2015,Braunschweig,Bestand_Jahresende,K031,830798.0
2015,Braunschweig Stadt,Bestand_Jahresende,K03101,137475.0
2015,Salzgitter.Stadt,Bestand_Jahresende,K03102,55249.0
2015,Wolfsburg.Stadt,Bestand_Jahresende,K03103,64691.0
2015,Gifhorn,Bestand_Jahresende,K03151,78369.0
2015,Goslar,Bestand_Jahresende,K03153,80517.0
2015,Helmstedt,Bestand_Jahresende,K03154,47691.0
2015,Northeim,Bestand_Jahresende,K03155,69192.0
2015,Peine,Bestand_Jahresende,K03157,62312.0
2015,Wolfenbüttel,Bestand_Jahresende,K03158,60712.0
2015,Göttingen,Bestand_Jahresende,K03159,174590.0
2015,Hannover,Bestand_Jahresende,K032,1085005.0
2015,Hannover Region,Bestand_Jahresende,K03241,590722.0
2015,Hannover Landeshauptstadt,Bestand_Jahresende,K03241001,293352.0
2015,Diepholz,Bestand_Jahresende,K03251,98892.0
2015,Hameln-Pyrmont,Bestand_Jahresende,K03252,80053.0
2015,Hildesheim,Bestand_Jahresende,K03254,141041.0
2015,Holzminden,Bestand_Jahresende,K03255,38341.0
2015,Nienburg (Weser),Bestand_Jahresende,K03256,56695.0
2015,Schaumburg,Bestand_Jahresende,K03257,79261.0
2015,Lüneburg,Bestand_Jahresende,K033,822487.0
2015,Celle,Bestand_Jahresende,K03351,88333.0
2015,Cuxhaven,Bestand_Jahresende,K03352,102130.0
2015,Harburg,Bestand_Jahresende,K03353,117999.0
2015,Lüchow-Dannenberg,Bestand_Jahresende,K03354,26325.0
2015,Lüneburg,Bestand_Jahresende,K03355,87648.0
2015,Osterholz,Bestand_Jahresende,K03356,51635.0
2015,Rotenburg (Wümme),Bestand_Jahresende,K03357,74661.0
2015,Heidekreis,Bestand_Jahresende,K03358,67239.0
2015,Stade,Bestand_Jahresende,K03359,95870.0
2015,Uelzen,Bestand_Jahresende,K03360,47821.0
2015,Verden,Bestand_Jahresende,K03361,62826.0
2015,Weser-Ems,Bestand_Jahresende,K034,1175849.0
2015,Delmenhorst.Stadt,Bestand_Jahresende,K03401,38260.0
2015,Emden Stadt,Bestand_Jahresende,K03402,26122.0
2015,Oldenburg (Oldb) Stadt,Bestand_Jahresende,K03403,89598.0
2015,Osnabrück Stadt,Bestand_Jahresende,K03404,86081.0
2015,Wilhelmshaven Stadt,Bestand_Jahresende,K03405,45384.0
2015,Ammerland,Bestand_Jahresende,K03451,57466.0
2015,Aurich,Bestand_Jahresende,K03452,96192.0
2015,Cloppenburg,Bestand_Jahresende,K03453,65096.0
2015,Emsland,Bestand_Jahresende,K03454,135112.0
2015,Friesland,Bestand_Jahresende,K03455,51110.0
2015,Grafschaft Bentheim,Bestand_Jahresende,K03456,59728.0
2015,Leer,Bestand_Jahresende,K03457,79966.0
2015,Oldenburg,Bestand_Jahresende,K03458,56660.0
2015,Osnabrück,Bestand_Jahresende,K03459,156730.0
2015,Vechta,Bestand_Jahresende,K03460,56143.0
2015,Wesermarsch,Bestand_Jahresende,K03461,45819.0
2015,Wittmund,Bestand_Jahresende,K03462,30382.0
2016,Niedersachsen,Bestand_Jahresende,K030,3943369.0
2016,Braunschweig,Bestand_Jahresende,K031,834687.0
2016,Braunschweig Stadt,Bestand_Jahresende,K03101,137907.0
2016,Salzgitter.Stadt,Bestand_Jahresende,K03102,55328.0
2016,Wolfsburg.Stadt,Bestand_Jahresende,K03103,65346.0
2016,Gifhorn,Bestand_Jahresende,K03151,79101.0
2016,Goslar,Bestand_Jahresende,K03153,80638.0
2016,Helmstedt,Bestand_Jahresende,K03154,47931.0
2016,Northeim,Bestand_Jahresende,K03155,69315.0
2016,Peine,Bestand_Jahresende,K03157,62788.0
2016,Wolfenbüttel,Bestand_Jahresende,K03158,61089.0
2016,Göttingen,Bestand_Jahresende,K03159,175244.0
2016,Hannover,Bestand_Jahresende,K032,1089713.0
2016,Hannover Region,Bestand_Jahresende,K03241,593375.0
2016,Hannover Landeshauptstadt,Bestand_Jahresende,K03241001,294257.0
2016,Diepholz,Bestand_Jahresende,K03251,99661.0
2016,Hameln-Pyrmont,Bestand_Jahresende,K03252,80146.0
2016,Hildesheim,Bestand_Jahresende,K03254,141521.0
2016,Holzminden,Bestand_Jahresende,K03255,38399.0
2016,Nienburg (Weser),Bestand_Jahresende,K03256,57087.0
2016,Schaumburg,Bestand_Jahresende,K03257,79524.0
2016,Lüneburg,Bestand_Jahresende,K033,830154.0
2016,Celle,Bestand_Jahresende,K03351,88856.0
2016,Cuxhaven,Bestand_Jahresende,K03352,103005.0
2016,Harburg,Bestand_Jahresende,K03353,119535.0
2016,Lüchow-Dannenberg,Bestand_Jahresende,K03354,26491.0
2016,Lüneburg,Bestand_Jahresende,K03355,88445.0
2016,Osterholz,Bestand_Jahresende,K03356,51989.0
2016,Rotenburg (Wümme),Bestand_Jahresende,K03357,75383.0
2016,Heidekreis,Bestand_Jahresende,K03358,67715.0
2016,Stade,Bestand_Jahresende,K03359,97083.0
2016,Uelzen,Bestand_Jahresende,K03360,48234.0
2016,Verden,Bestand_Jahresende,K03361,63418.0
2016,Weser-Ems,Bestand_Jahresende,K034,1188815.0
2016,Delmenhorst.Stadt,Bestand_Jahresende,K03401,38455.0
2016,Emden Stadt,Bestand_Jahresende,K03402,26252.0
2016,Oldenburg (Oldb) Stadt,Bestand_Jahresende,K03403,90940.0
2016,Osnabrück Stadt,Bestand_Jahresende,K03404,86772.0
2016,Wilhelmshaven Stadt,Bestand_Jahresende,K03405,45480.0
2016,Ammerland,Bestand_Jahresende,K03451,58256.0
2016,Aurich,Bestand_Jahresende,K03452,96986.0
2016,Cloppenburg,Bestand_Jahresende,K03453,66430.0
2016,Emsland,Bestand_Jahresende,K03454,137251.0
2016,Friesland,Bestand_Jahresende,K03455,51649.0
2016,Grafschaft Bentheim,Bestand_Jahresende,K03456,60308.0
2016,Leer,Bestand_Jahresende,K03457,80828.0
2016,Oldenburg,Bestand_Jahresende,K03458,57137.0
2016,Osnabrück,Bestand_Jahresende,K03459,158010.0
2016,Vechta,Bestand_Jahresende,K03460,57327.0
2016,Wesermarsch,Bestand_Jahresende,K03461,46002.0
2016,Wittmund,Bestand_Jahresende,K03462,30732.0
2017,Niedersachsen,Bestand_Jahresende,K030,3971972.0
2017,Braunschweig,Bestand_Jahresende,K031,838761.0
2017,Braunschweig Stadt,Bestand_Jahresende,K03101,138206.0
2017,Salzgitter.Stadt,Bestand_Jahresende,K03102,55435.0
2017,Wolfsburg.Stadt,Bestand_Jahresende,K03103,65795.0
2017,Gifhorn,Bestand_Jahresende,K03151,80129.0
2017,Goslar,Bestand_Jahresende,K03153,80783.0
2017,Helmstedt,Bestand_Jahresende,K03154,48183.0
2017,Northeim,Bestand_Jahresende,K03155,69535.0
2017,Peine,Bestand_Jahresende,K03157,63478.0
2017,Wolfenbüttel,Bestand_Jahresende,K03158,61287.0
2017,Göttingen,Bestand_Jahresende,K03159,175930.0
2017,Hannover,Bestand_Jahresende,K032,1094726.0
2017,Hannover Region,Bestand_Jahresende,K03241,596488.0
2017,Hannover Landeshauptstadt,Bestand_Jahresende,K03241001,295357.0
2017,Diepholz,Bestand_Jahresende,K03251,100371.0
2017,Hameln-Pyrmont,Bestand_Jahresende,K03252,80288.0
2017,Hildesheim,Bestand_Jahresende,K03254,141971.0
2017,Holzminden,Bestand_Jahresende,K03255,38446.0
2017,Nienburg (Weser),Bestand_Jahresende,K03256,57339.0
2017,Schaumburg,Bestand_Jahresende,K03257,79823.0
2017,Lüneburg,Bestand_Jahresende,K033,837157.0
2017,Celle,Bestand_Jahresende,K03351,89201.0
2017,Cuxhaven,Bestand_Jahresende,K03352,103738.0
2017,Harburg,Bestand_Jahresende,K03353,120603.0
2017,Lüchow-Dannenberg,Bestand_Jahresende,K03354,26530.0
2017,Lüneburg,Bestand_Jahresende,K03355,89810.0
2017,Osterholz,Bestand_Jahresende,K03356,52382.0
2017,Rotenburg (Wümme),Bestand_Jahresende,K03357,76132.0
2017,Heidekreis,Bestand_Jahresende,K03358,68016.0
2017,Stade,Bestand_Jahresende,K03359,98424.0
2017,Uelzen,Bestand_Jahresende,K03360,48364.0
2017,Verden,Bestand_Jahresende,K03361,63957.0
2017,Weser-Ems,Bestand_Jahresende,K034,1201328.0
2017,Delmenhorst.Stadt,Bestand_Jahresende,K03401,38665.0
2017,Emden Stadt,Bestand_Jahresende,K03402,26475.0
2017,Oldenburg (Oldb) Stadt,Bestand_Jahresende,K03403,92270.0
2017,Osnabrück Stadt,Bestand_Jahresende,K03404,87201.0
2017,Wilhelmshaven Stadt,Bestand_Jahresende,K03405,45551.0
2017,Ammerland,Bestand_Jahresende,K03451,58878.0
2017,Aurich,Bestand_Jahresende,K03452,97755.0
2017,Cloppenburg,Bestand_Jahresende,K03453,67720.0
2017,Emsland,Bestand_Jahresende,K03454,139485.0
2017,Friesland,Bestand_Jahresende,K03455,52130.0
2017,Grafschaft Bentheim,Bestand_Jahresende,K03456,61140.0
2017,Leer,Bestand_Jahresende,K03457,81741.0
2017,Oldenburg,Bestand_Jahresende,K03458,57573.0
2017,Osnabrück,Bestand_Jahresende,K03459,159311.0
2017,Vechta,Bestand_Jahresende,K03460,58251.0
2017,Wesermarsch,Bestand_Jahresende,K03461,46160.0
2017,Wittmund,Bestand_Jahresende,K03462,31022.0
2018,Niedersachsen,Bestand_Jahresende,K030,3999256.0
2018,Braunschweig,Bestand_Jahresende,K031,842376.0
2018,Braunschweig Stadt,Bestand_Jahresende,K03101,138836.0
2018,Salzgitter.Stadt,Bestand_Jahresende,K03102,55515.0
2018,Wolfsburg.Stadt,Bestand_Jahresende,K03103,66015.0
2018,Gifhorn,Bestand_Jahresende,K03151,80960.0
2018,Goslar,Bestand_Jahresende,K03153,80850.0
2018,Helmstedt,Bestand_Jahresende,K03154,48470.0
2018,Northeim,Bestand_Jahresende,K03155,69739.0
2018,Peine,Bestand_Jahresende,K03157,64003.0
2018,Wolfenbüttel,Bestand_Jahresende,K03158,61543.0
2018,Göttingen,Bestand_Jahresende,K03159,176445.0
2018,Hannover,Bestand_Jahresende,K032,1100175.0
2018,Hannover Region,Bestand_Jahresende,K03241,599673.0
2018,Hannover Landeshauptstadt,Bestand_Jahresende,K03241001,296889.0
2018,Diepholz,Bestand_Jahresende,K03251,101148.0
2018,Hameln-Pyrmont,Bestand_Jahresende,K03252,80392.0
2018,Hildesheim,Bestand_Jahresende,K03254,142530.0
2018,Holzminden,Bestand_Jahresende,K03255,38515.0
2018,Nienburg (Weser),Bestand_Jahresende,K03256,57692.0
2018,Schaumburg,Bestand_Jahresende,K03257,80225.0
2018,Lüneburg,Bestand_Jahresende,K033,843170.0
2018,Celle,Bestand_Jahresende,K03351,89768.0
2018,Cuxhaven,Bestand_Jahresende,K03352,104308.0
2018,Harburg,Bestand_Jahresende,K03353,121465.0
2018,Lüchow-Dannenberg,Bestand_Jahresende,K03354,26629.0
2018,Lüneburg,Bestand_Jahresende,K03355,90419.0
2018,Osterholz,Bestand_Jahresende,K03356,52746.0
2018,Rotenburg (Wümme),Bestand_Jahresende,K03357,76760.0
2018,Heidekreis,Bestand_Jahresende,K03358,68359.0
2018,Stade,Bestand_Jahresende,K03359,99807.0
2018,Uelzen,Bestand_Jahresende,K03360,48543.0
2018,Verden,Bestand_Jahresende,K03361,64366.0
2018,Weser-Ems,Bestand_Jahresende,K034,1213535.0
2018,Delmenhorst.Stadt,Bestand_Jahresende,K03401,38884.0
2018,Emden Stadt,Bestand_Jahresende,K03402,26541.0
2018,Oldenburg (Oldb) Stadt,Bestand_Jahresende,K03403,93475.0
2018,Osnabrück Stadt,Bestand_Jahresende,K03404,87777.0
2018,Wilhelmshaven Stadt,Bestand_Jahresende,K03405,45672.0
2018,Ammerland,Bestand_Jahresende,K03451,59683.0
2018,Aurich,Bestand_Jahresende,K03452,98330.0
2018,Cloppenburg,Bestand_Jahresende,K03453,69039.0
2018,Emsland,Bestand_Jahresende,K03454,141386.0
2018,Friesland,Bestand_Jahresende,K03455,52706.0
2018,Grafschaft Bentheim,Bestand_Jahresende,K03456,61672.0
2018,Leer,Bestand_Jahresende,K03457,82448.0
2018,Oldenburg,Bestand_Jahresende,K03458,58197.0
2018,Osnabrück,Bestand_Jahresende,K03459,160702.0
2018,Vechta,Bestand_Jahresende,K03460,59344.0
2018,Wesermarsch,Bestand_Jahresende,K03461,46418.0
2018,Wittmund,Bestand_Jahresende,K03462,31261.0
