Year,Gebietseinheit,Kategorien,GeoCode,Value
1991,Niedersachsen,Fälle,K030,21668
1992,Niedersachsen,Fälle,K030,24520
1993,Niedersachsen,Fälle,K030,29098
1994,Niedersachsen,Fälle,K030,30033
1995,Niedersachsen,Fälle,K030,24141
1996,Niedersachsen,Fälle,K030,27574
1997,Niedersachsen,Fälle,K030,25085
1998,Niedersachsen,Fälle,K030,31321
1999,Niedersachsen,Fälle,K030,32038
2000,Niedersachsen,Fälle,K030,23102
2001,Niedersachsen,Fälle,K030,21920
2002,Niedersachsen,Fälle,K030,22349
2003,Niedersachsen,Fälle,K030,20903
2004,Niedersachsen,Fälle,K030,15299
2005,Niedersachsen,Fälle,K030,17315
2006,Niedersachsen,Fälle,K030,12609
2007,Niedersachsen,Fälle,K030,11246
2008,Niedersachsen,Fälle,K030,10401
2009,Niedersachsen,Fälle,K030,8409
2010,Niedersachsen,Fälle,K030,12085
2011,Niedersachsen,Fälle,K030,11655
2012,Niedersachsen,Fälle,K030,14848
2013,Niedersachsen,Fälle,K030,15223
2014,Niedersachsen,Fälle,K030,13667
2015,Niedersachsen,Fälle,K030,15703
2016,Niedersachsen,Fälle,K030,15059
2017,Niedersachsen,Fälle,K030,15277
2018,Niedersachsen,Fälle,K030,14395
2019,Niedersachsen,Fälle,K030,14744
1991,Braunschweig,Fälle,,3234
1992,Braunschweig,Fälle,,3851
1993,Braunschweig,Fälle,,4768
1994,Braunschweig,Fälle,,4377
1995,Braunschweig,Fälle,,3643
1996,Braunschweig,Fälle,,4643
1997,Braunschweig,Fälle,,3802
1998,Braunschweig,Fälle,,4558
1999,Braunschweig,Fälle,,4915
2000,Braunschweig,Fälle,,4015
2001,Braunschweig,Fälle,,3519
2002,Braunschweig,Fälle,,3768
2003,Braunschweig,Fälle,,3736
2004,Braunschweig,Fälle,,2577
2005,Braunschweig,Fälle,,3123
2006,Braunschweig,Fälle,,2000
2007,Braunschweig,Fälle,,1818
2008,Braunschweig,Fälle,,1684
2009,Braunschweig,Fälle,,1329
2010,Braunschweig,Fälle,,1701
2011,Braunschweig,Fälle,,1702
2012,Braunschweig,Fälle,,2072
2013,Braunschweig,Fälle,,2156
2014,Braunschweig,Fälle,,2078
2015,Braunschweig,Fälle,,2605
2016,Braunschweig,Fälle,,2344
2017,Braunschweig,Fälle,,2233
2018,Braunschweig,Fälle,,2312
2019,Braunschweig,Fälle,,2508
1991,Braunschweig-Stadt,Fälle,K03101,228
1992,Braunschweig-Stadt,Fälle,K03101,206
1993,Braunschweig-Stadt,Fälle,K03101,182
1994,Braunschweig-Stadt,Fälle,K03101,124
1995,Braunschweig-Stadt,Fälle,K03101,101
1996,Braunschweig-Stadt,Fälle,K03101,222
1997,Braunschweig-Stadt,Fälle,K03101,176
1998,Braunschweig-Stadt,Fälle,K03101,190
1999,Braunschweig-Stadt,Fälle,K03101,240
2000,Braunschweig-Stadt,Fälle,K03101,256
2001,Braunschweig-Stadt,Fälle,K03101,306
2002,Braunschweig-Stadt,Fälle,K03101,400
2003,Braunschweig-Stadt,Fälle,K03101,548
2004,Braunschweig-Stadt,Fälle,K03101,314
2005,Braunschweig-Stadt,Fälle,K03101,535
2006,Braunschweig-Stadt,Fälle,K03101,271
2007,Braunschweig-Stadt,Fälle,K03101,231
2008,Braunschweig-Stadt,Fälle,K03101,193
2009,Braunschweig-Stadt,Fälle,K03101,264
2010,Braunschweig-Stadt,Fälle,K03101,350
2011,Braunschweig-Stadt,Fälle,K03101,131
2012,Braunschweig-Stadt,Fälle,K03101,240
2013,Braunschweig-Stadt,Fälle,K03101,131
2014,Braunschweig-Stadt,Fälle,K03101,202
2015,Braunschweig-Stadt,Fälle,K03101,129
2016,Braunschweig-Stadt,Fälle,K03101,159
2017,Braunschweig-Stadt,Fälle,K03101,201
2018,Braunschweig-Stadt,Fälle,K03101,162
2019,Braunschweig-Stadt,Fälle,K03101,143
1991,Salzgitter-Stadt,Fälle,K03102,56
1992,Salzgitter-Stadt,Fälle,K03102,293
1993,Salzgitter-Stadt,Fälle,K03102,196
1994,Salzgitter-Stadt,Fälle,K03102,242
1995,Salzgitter-Stadt,Fälle,K03102,108
1996,Salzgitter-Stadt,Fälle,K03102,143
1997,Salzgitter-Stadt,Fälle,K03102,110
1998,Salzgitter-Stadt,Fälle,K03102,155
1999,Salzgitter-Stadt,Fälle,K03102,224
2000,Salzgitter-Stadt,Fälle,K03102,195
2001,Salzgitter-Stadt,Fälle,K03102,117
2002,Salzgitter-Stadt,Fälle,K03102,169
2003,Salzgitter-Stadt,Fälle,K03102,161
2004,Salzgitter-Stadt,Fälle,K03102,109
2005,Salzgitter-Stadt,Fälle,K03102,84
2006,Salzgitter-Stadt,Fälle,K03102,99
2007,Salzgitter-Stadt,Fälle,K03102,77
2008,Salzgitter-Stadt,Fälle,K03102,84
2009,Salzgitter-Stadt,Fälle,K03102,29
2010,Salzgitter-Stadt,Fälle,K03102,72
2011,Salzgitter-Stadt,Fälle,K03102,75
2012,Salzgitter-Stadt,Fälle,K03102,94
2013,Salzgitter-Stadt,Fälle,K03102,69
2014,Salzgitter-Stadt,Fälle,K03102,47
2015,Salzgitter-Stadt,Fälle,K03102,95
2016,Salzgitter-Stadt,Fälle,K03102,87
2017,Salzgitter-Stadt,Fälle,K03102,71
2018,Salzgitter-Stadt,Fälle,K03102,71
2019,Salzgitter-Stadt,Fälle,K03102,88
1991,Wolfsburg-Stadt,Fälle,K03103,89
1992,Wolfsburg-Stadt,Fälle,K03103,88
1993,Wolfsburg-Stadt,Fälle,K03103,61
1994,Wolfsburg-Stadt,Fälle,K03103,73
1995,Wolfsburg-Stadt,Fälle,K03103,85
1996,Wolfsburg-Stadt,Fälle,K03103,132
1997,Wolfsburg-Stadt,Fälle,K03103,211
1998,Wolfsburg-Stadt,Fälle,K03103,209
1999,Wolfsburg-Stadt,Fälle,K03103,344
2000,Wolfsburg-Stadt,Fälle,K03103,316
2001,Wolfsburg-Stadt,Fälle,K03103,184
2002,Wolfsburg-Stadt,Fälle,K03103,368
2003,Wolfsburg-Stadt,Fälle,K03103,455
2004,Wolfsburg-Stadt,Fälle,K03103,294
2005,Wolfsburg-Stadt,Fälle,K03103,354
2006,Wolfsburg-Stadt,Fälle,K03103,277
2007,Wolfsburg-Stadt,Fälle,K03103,239
2008,Wolfsburg-Stadt,Fälle,K03103,256
2009,Wolfsburg-Stadt,Fälle,K03103,202
2010,Wolfsburg-Stadt,Fälle,K03103,204
2011,Wolfsburg-Stadt,Fälle,K03103,275
2012,Wolfsburg-Stadt,Fälle,K03103,125
2013,Wolfsburg-Stadt,Fälle,K03103,106
2014,Wolfsburg-Stadt,Fälle,K03103,49
2015,Wolfsburg-Stadt,Fälle,K03103,354
2016,Wolfsburg-Stadt,Fälle,K03103,115
2017,Wolfsburg-Stadt,Fälle,K03103,96
2018,Wolfsburg-Stadt,Fälle,K03103,169
2019,Wolfsburg-Stadt,Fälle,K03103,79
1991,Gifhorn,Fälle,K03151,978
1992,Gifhorn,Fälle,K03151,733
1993,Gifhorn,Fälle,K03151,1018
1994,Gifhorn,Fälle,K03151,1000
1995,Gifhorn,Fälle,K03151,989
1996,Gifhorn,Fälle,K03151,932
1997,Gifhorn,Fälle,K03151,696
1998,Gifhorn,Fälle,K03151,918
1999,Gifhorn,Fälle,K03151,876
2000,Gifhorn,Fälle,K03151,778
2001,Gifhorn,Fälle,K03151,696
2002,Gifhorn,Fälle,K03151,629
2003,Gifhorn,Fälle,K03151,552
2004,Gifhorn,Fälle,K03151,595
2005,Gifhorn,Fälle,K03151,556
2006,Gifhorn,Fälle,K03151,348
2007,Gifhorn,Fälle,K03151,319
2008,Gifhorn,Fälle,K03151,274
2009,Gifhorn,Fälle,K03151,183
2010,Gifhorn,Fälle,K03151,267
2011,Gifhorn,Fälle,K03151,329
2012,Gifhorn,Fälle,K03151,501
2013,Gifhorn,Fälle,K03151,643
2014,Gifhorn,Fälle,K03151,478
2015,Gifhorn,Fälle,K03151,464
2016,Gifhorn,Fälle,K03151,628
2017,Gifhorn,Fälle,K03151,484
2018,Gifhorn,Fälle,K03151,538
2019,Gifhorn,Fälle,K03151,420
1991,Goslar,Fälle,K03153,254
1992,Goslar,Fälle,K03153,256
1993,Goslar,Fälle,K03153,286
1994,Goslar,Fälle,K03153,304
1995,Goslar,Fälle,K03153,214
1996,Goslar,Fälle,K03153,340
1997,Goslar,Fälle,K03153,245
1998,Goslar,Fälle,K03153,308
1999,Goslar,Fälle,K03153,423
2000,Goslar,Fälle,K03153,220
2001,Goslar,Fälle,K03153,223
2002,Goslar,Fälle,K03153,237
2003,Goslar,Fälle,K03153,225
2004,Goslar,Fälle,K03153,135
2005,Goslar,Fälle,K03153,143
2006,Goslar,Fälle,K03153,94
2007,Goslar,Fälle,K03153,110
2008,Goslar,Fälle,K03153,80
2009,Goslar,Fälle,K03153,58
2010,Goslar,Fälle,K03153,53
2011,Goslar,Fälle,K03153,51
2012,Goslar,Fälle,K03153,66
2013,Goslar,Fälle,K03153,67
2014,Goslar,Fälle,K03153,72
2015,Goslar,Fälle,K03153,91
2016,Goslar,Fälle,K03153,89
2017,Goslar,Fälle,K03153,121
2018,Goslar,Fälle,K03153,94
2019,Goslar,Fälle,K03153,187
1991,Helmstedt,Fälle,K03154,231
1992,Helmstedt,Fälle,K03154,349
1993,Helmstedt,Fälle,K03154,358
1994,Helmstedt,Fälle,K03154,305
1995,Helmstedt,Fälle,K03154,201
1996,Helmstedt,Fälle,K03154,346
1997,Helmstedt,Fälle,K03154,260
1998,Helmstedt,Fälle,K03154,289
1999,Helmstedt,Fälle,K03154,384
2000,Helmstedt,Fälle,K03154,265
2001,Helmstedt,Fälle,K03154,319
2002,Helmstedt,Fälle,K03154,334
2003,Helmstedt,Fälle,K03154,301
2004,Helmstedt,Fälle,K03154,166
2005,Helmstedt,Fälle,K03154,177
2006,Helmstedt,Fälle,K03154,135
2007,Helmstedt,Fälle,K03154,83
2008,Helmstedt,Fälle,K03154,91
2009,Helmstedt,Fälle,K03154,51
2010,Helmstedt,Fälle,K03154,112
2011,Helmstedt,Fälle,K03154,105
2012,Helmstedt,Fälle,K03154,145
2013,Helmstedt,Fälle,K03154,243
2014,Helmstedt,Fälle,K03154,222
2015,Helmstedt,Fälle,K03154,354
2016,Helmstedt,Fälle,K03154,199
2017,Helmstedt,Fälle,K03154,167
2018,Helmstedt,Fälle,K03154,177
2019,Helmstedt,Fälle,K03154,283
1991,Northeim,Fälle,K03155,232
1992,Northeim,Fälle,K03155,313
1993,Northeim,Fälle,K03155,360
1994,Northeim,Fälle,K03155,468
1995,Northeim,Fälle,K03155,298
1996,Northeim,Fälle,K03155,418
1997,Northeim,Fälle,K03155,407
1998,Northeim,Fälle,K03155,436
1999,Northeim,Fälle,K03155,431
2000,Northeim,Fälle,K03155,363
2001,Northeim,Fälle,K03155,294
2002,Northeim,Fälle,K03155,295
2003,Northeim,Fälle,K03155,235
2004,Northeim,Fälle,K03155,188
2005,Northeim,Fälle,K03155,226
2006,Northeim,Fälle,K03155,158
2007,Northeim,Fälle,K03155,113
2008,Northeim,Fälle,K03155,118
2009,Northeim,Fälle,K03155,98
2010,Northeim,Fälle,K03155,112
2011,Northeim,Fälle,K03155,91
2012,Northeim,Fälle,K03155,120
2013,Northeim,Fälle,K03155,115
2014,Northeim,Fälle,K03155,127
2015,Northeim,Fälle,K03155,139
2016,Northeim,Fälle,K03155,156
2017,Northeim,Fälle,K03155,195
2018,Northeim,Fälle,K03155,152
2019,Northeim,Fälle,K03155,207
1991,Peine,Fälle,K03157,352
1992,Peine,Fälle,K03157,517
1993,Peine,Fälle,K03157,843
1994,Peine,Fälle,K03157,682
1995,Peine,Fälle,K03157,534
1996,Peine,Fälle,K03157,614
1997,Peine,Fälle,K03157,537
1998,Peine,Fälle,K03157,648
1999,Peine,Fälle,K03157,662
2000,Peine,Fälle,K03157,563
2001,Peine,Fälle,K03157,483
2002,Peine,Fälle,K03157,433
2003,Peine,Fälle,K03157,378
2004,Peine,Fälle,K03157,223
2005,Peine,Fälle,K03157,284
2006,Peine,Fälle,K03157,175
2007,Peine,Fälle,K03157,203
2008,Peine,Fälle,K03157,150
2009,Peine,Fälle,K03157,164
2010,Peine,Fälle,K03157,142
2011,Peine,Fälle,K03157,215
2012,Peine,Fälle,K03157,235
2013,Peine,Fälle,K03157,339
2014,Peine,Fälle,K03157,318
2015,Peine,Fälle,K03157,400
2016,Peine,Fälle,K03157,335
2017,Peine,Fälle,K03157,420
2018,Peine,Fälle,K03157,426
2019,Peine,Fälle,K03157,372
1991,Wolfenbttel,Fälle,K03158,304
1992,Wolfenbttel,Fälle,K03158,360
1993,Wolfenbttel,Fälle,K03158,635
1994,Wolfenbttel,Fälle,K03158,467
1995,Wolfenbttel,Fälle,K03158,454
1996,Wolfenbttel,Fälle,K03158,656
1997,Wolfenbttel,Fälle,K03158,483
1998,Wolfenbttel,Fälle,K03158,650
1999,Wolfenbttel,Fälle,K03158,616
2000,Wolfenbttel,Fälle,K03158,513
2001,Wolfenbttel,Fälle,K03158,369
2002,Wolfenbttel,Fälle,K03158,387
2003,Wolfenbttel,Fälle,K03158,297
2004,Wolfenbttel,Fälle,K03158,202
2005,Wolfenbttel,Fälle,K03158,284
2006,Wolfenbttel,Fälle,K03158,157
2007,Wolfenbttel,Fälle,K03158,148
2008,Wolfenbttel,Fälle,K03158,161
2009,Wolfenbttel,Fälle,K03158,154
2010,Wolfenbttel,Fälle,K03158,164
2011,Wolfenbttel,Fälle,K03158,163
2012,Wolfenbttel,Fälle,K03158,178
2013,Wolfenbttel,Fälle,K03158,163
2014,Wolfenbttel,Fälle,K03158,262
2015,Wolfenbttel,Fälle,K03158,223
2016,Wolfenbttel,Fälle,K03158,232
2017,Wolfenbttel,Fälle,K03158,177
2018,Wolfenbttel,Fälle,K03158,149
2019,Wolfenbttel,Fälle,K03158,349
1991,G”ttingen,Fälle,K03159,510
1992,G”ttingen,Fälle,K03159,736
1993,G”ttingen,Fälle,K03159,829
1994,G”ttingen,Fälle,K03159,712
1995,G”ttingen,Fälle,K03159,659
1996,G”ttingen,Fälle,K03159,840
1997,G”ttingen,Fälle,K03159,677
1998,G”ttingen,Fälle,K03159,755
1999,G”ttingen,Fälle,K03159,715
2000,G”ttingen,Fälle,K03159,546
2001,G”ttingen,Fälle,K03159,528
2002,G”ttingen,Fälle,K03159,516
2003,G”ttingen,Fälle,K03159,584
2004,G”ttingen,Fälle,K03159,351
2005,G”ttingen,Fälle,K03159,480
2006,G”ttingen,Fälle,K03159,286
2007,G”ttingen,Fälle,K03159,295
2008,G”ttingen,Fälle,K03159,277
2009,G”ttingen,Fälle,K03159,126
2010,G”ttingen,Fälle,K03159,225
2011,G”ttingen,Fälle,K03159,267
2012,G”ttingen,Fälle,K03159,368
2013,G”ttingen,Fälle,K03159,280
2014,G”ttingen,Fälle,K03159,301
2015,G”ttingen,Fälle,K03159,356
2016,G”ttingen,Fälle,K03159,344
2017,G”ttingen,Fälle,K03159,301
2018,G”ttingen,Fälle,K03159,374
2019,G”ttingen,Fälle,K03159,380
1991,Hannover,Fälle,,4726
1992,Hannover,Fälle,,5370
1993,Hannover,Fälle,,5337
1994,Hannover,Fälle,,5904
1995,Hannover,Fälle,,4807
1996,Hannover,Fälle,,5435
1997,Hannover,Fälle,,5001
1998,Hannover,Fälle,,6280
1999,Hannover,Fälle,,6127
2000,Hannover,Fälle,,4691
2001,Hannover,Fälle,,4735
2002,Hannover,Fälle,,4615
2003,Hannover,Fälle,,4444
2004,Hannover,Fälle,,3163
2005,Hannover,Fälle,,3440
2006,Hannover,Fälle,,2546
2007,Hannover,Fälle,,2205
2008,Hannover,Fälle,,1922
2009,Hannover,Fälle,,1479
2010,Hannover,Fälle,,2186
2011,Hannover,Fälle,,2105
2012,Hannover,Fälle,,2542
2013,Hannover,Fälle,,2646
2014,Hannover,Fälle,,2493
2015,Hannover,Fälle,,2667
2016,Hannover,Fälle,,2700
2017,Hannover,Fälle,,2828
2018,Hannover,Fälle,,2359
2019,Hannover,Fälle,,2607
0,Hannover-Region,Fälle,K03241,0
1991,Hannover-Region,Fälle,K03241,2064
1992,Hannover-Region,Fälle,K03241,1932
1993,Hannover-Region,Fälle,K03241,1922
1994,Hannover-Region,Fälle,K03241,1954
1995,Hannover-Region,Fälle,K03241,1630
1996,Hannover-Region,Fälle,K03241,1644
1997,Hannover-Region,Fälle,K03241,1779
1998,Hannover-Region,Fälle,K03241,2304
1999,Hannover-Region,Fälle,K03241,2012
2000,Hannover-Region,Fälle,K03241,1641
2001,Hannover-Region,Fälle,K03241,1784
2002,Hannover-Region,Fälle,K03241,1887
2003,Hannover-Region,Fälle,K03241,1844
2004,Hannover-Region,Fälle,K03241,1431
2005,Hannover-Region,Fälle,K03241,1397
2006,Hannover-Region,Fälle,K03241,1153
2007,Hannover-Region,Fälle,K03241,1044
2008,Hannover-Region,Fälle,K03241,882
2009,Hannover-Region,Fälle,K03241,787
2010,Hannover-Region,Fälle,K03241,1122
2011,Hannover-Region,Fälle,K03241,1062
2012,Hannover-Region,Fälle,K03241,1233
2013,Hannover-Region,Fälle,K03241,1264
2014,Hannover-Region,Fälle,K03241,1122
2015,Hannover-Region,Fälle,K03241,1046
2016,Hannover-Region,Fälle,K03241,1030
2017,Hannover-Region,Fälle,K03241,1040
2018,Hannover-Region,Fälle,K03241,851
2019,Hannover-Region,Fälle,K03241,714
0,Hannover-Landeshauptstadt,Fälle,K03241001,0
1991,Hannover-Landeshauptstadt,Fälle,K03241001,331
1992,Hannover-Landeshauptstadt,Fälle,K03241001,238
1993,Hannover-Landeshauptstadt,Fälle,K03241001,235
1994,Hannover-Landeshauptstadt,Fälle,K03241001,243
1995,Hannover-Landeshauptstadt,Fälle,K03241001,195
1996,Hannover-Landeshauptstadt,Fälle,K03241001,181
1997,Hannover-Landeshauptstadt,Fälle,K03241001,286
1998,Hannover-Landeshauptstadt,Fälle,K03241001,311
1999,Hannover-Landeshauptstadt,Fälle,K03241001,365
2000,Hannover-Landeshauptstadt,Fälle,K03241001,248
2001,Hannover-Landeshauptstadt,Fälle,K03241001,215
2002,Hannover-Landeshauptstadt,Fälle,K03241001,270
2003,Hannover-Landeshauptstadt,Fälle,K03241001,334
2004,Hannover-Landeshauptstadt,Fälle,K03241001,240
2005,Hannover-Landeshauptstadt,Fälle,K03241001,181
2006,Hannover-Landeshauptstadt,Fälle,K03241001,221
2007,Hannover-Landeshauptstadt,Fälle,K03241001,182
2008,Hannover-Landeshauptstadt,Fälle,K03241001,179
2009,Hannover-Landeshauptstadt,Fälle,K03241001,144
2010,Hannover-Landeshauptstadt,Fälle,K03241001,158
2011,Hannover-Landeshauptstadt,Fälle,K03241001,183
2012,Hannover-Landeshauptstadt,Fälle,K03241001,235
2013,Hannover-Landeshauptstadt,Fälle,K03241001,259
2014,Hannover-Landeshauptstadt,Fälle,K03241001,191
2015,Hannover-Landeshauptstadt,Fälle,K03241001,155
2016,Hannover-Landeshauptstadt,Fälle,K03241001,138
2017,Hannover-Landeshauptstadt,Fälle,K03241001,129
2018,Hannover-Landeshauptstadt,Fälle,K03241001,108
2019,Hannover-Landeshauptstadt,Fälle,K03241001,108
1991,Diepholz,Fälle,K03251,833
1992,Diepholz,Fälle,K03251,947
1993,Diepholz,Fälle,K03251,928
1994,Diepholz,Fälle,K03251,726
1995,Diepholz,Fälle,K03251,834
1996,Diepholz,Fälle,K03251,979
1997,Diepholz,Fälle,K03251,756
1998,Diepholz,Fälle,K03251,1038
1999,Diepholz,Fälle,K03251,899
2000,Diepholz,Fälle,K03251,710
2001,Diepholz,Fälle,K03251,755
2002,Diepholz,Fälle,K03251,787
2003,Diepholz,Fälle,K03251,665
2004,Diepholz,Fälle,K03251,427
2005,Diepholz,Fälle,K03251,533
2006,Diepholz,Fälle,K03251,384
2007,Diepholz,Fälle,K03251,312
2008,Diepholz,Fälle,K03251,285
2009,Diepholz,Fälle,K03251,150
2010,Diepholz,Fälle,K03251,291
2011,Diepholz,Fälle,K03251,388
2012,Diepholz,Fälle,K03251,463
2013,Diepholz,Fälle,K03251,461
2014,Diepholz,Fälle,K03251,475
2015,Diepholz,Fälle,K03251,591
2016,Diepholz,Fälle,K03251,547
2017,Diepholz,Fälle,K03251,580
2018,Diepholz,Fälle,K03251,452
2019,Diepholz,Fälle,K03251,642
1991,Hameln-Pyrmont,Fälle,K03252,336
1992,Hameln-Pyrmont,Fälle,K03252,415
1993,Hameln-Pyrmont,Fälle,K03252,490
1994,Hameln-Pyrmont,Fälle,K03252,563
1995,Hameln-Pyrmont,Fälle,K03252,339
1996,Hameln-Pyrmont,Fälle,K03252,434
1997,Hameln-Pyrmont,Fälle,K03252,409
1998,Hameln-Pyrmont,Fälle,K03252,483
1999,Hameln-Pyrmont,Fälle,K03252,564
2000,Hameln-Pyrmont,Fälle,K03252,391
2001,Hameln-Pyrmont,Fälle,K03252,369
2002,Hameln-Pyrmont,Fälle,K03252,285
2003,Hameln-Pyrmont,Fälle,K03252,308
2004,Hameln-Pyrmont,Fälle,K03252,261
2005,Hameln-Pyrmont,Fälle,K03252,244
2006,Hameln-Pyrmont,Fälle,K03252,211
2007,Hameln-Pyrmont,Fälle,K03252,154
2008,Hameln-Pyrmont,Fälle,K03252,116
2009,Hameln-Pyrmont,Fälle,K03252,66
2010,Hameln-Pyrmont,Fälle,K03252,95
2011,Hameln-Pyrmont,Fälle,K03252,120
2012,Hameln-Pyrmont,Fälle,K03252,113
2013,Hameln-Pyrmont,Fälle,K03252,127
2014,Hameln-Pyrmont,Fälle,K03252,133
2015,Hameln-Pyrmont,Fälle,K03252,139
2016,Hameln-Pyrmont,Fälle,K03252,181
2017,Hameln-Pyrmont,Fälle,K03252,189
2018,Hameln-Pyrmont,Fälle,K03252,176
2019,Hameln-Pyrmont,Fälle,K03252,219
1991,Hildesheim,Fälle,K03254,389
1992,Hildesheim,Fälle,K03254,815
1993,Hildesheim,Fälle,K03254,413
1994,Hildesheim,Fälle,K03254,896
1995,Hildesheim,Fälle,K03254,726
1996,Hildesheim,Fälle,K03254,824
1997,Hildesheim,Fälle,K03254,697
1998,Hildesheim,Fälle,K03254,859
1999,Hildesheim,Fälle,K03254,1074
2000,Hildesheim,Fälle,K03254,700
2001,Hildesheim,Fälle,K03254,610
2002,Hildesheim,Fälle,K03254,558
2003,Hildesheim,Fälle,K03254,644
2004,Hildesheim,Fälle,K03254,417
2005,Hildesheim,Fälle,K03254,523
2006,Hildesheim,Fälle,K03254,306
2007,Hildesheim,Fälle,K03254,254
2008,Hildesheim,Fälle,K03254,249
2009,Hildesheim,Fälle,K03254,218
2010,Hildesheim,Fälle,K03254,259
2011,Hildesheim,Fälle,K03254,205
2012,Hildesheim,Fälle,K03254,304
2013,Hildesheim,Fälle,K03254,277
2014,Hildesheim,Fälle,K03254,288
2015,Hildesheim,Fälle,K03254,322
2016,Hildesheim,Fälle,K03254,288
2017,Hildesheim,Fälle,K03254,362
2018,Hildesheim,Fälle,K03254,282
2019,Hildesheim,Fälle,K03254,313
1991,Holzminden,Fälle,K03255,225
1992,Holzminden,Fälle,K03255,219
1993,Holzminden,Fälle,K03255,258
1994,Holzminden,Fälle,K03255,292
1995,Holzminden,Fälle,K03255,260
1996,Holzminden,Fälle,K03255,247
1997,Holzminden,Fälle,K03255,251
1998,Holzminden,Fälle,K03255,358
1999,Holzminden,Fälle,K03255,256
2000,Holzminden,Fälle,K03255,174
2001,Holzminden,Fälle,K03255,147
2002,Holzminden,Fälle,K03255,151
2003,Holzminden,Fälle,K03255,149
2004,Holzminden,Fälle,K03255,87
2005,Holzminden,Fälle,K03255,98
2006,Holzminden,Fälle,K03255,56
2007,Holzminden,Fälle,K03255,58
2008,Holzminden,Fälle,K03255,46
2009,Holzminden,Fälle,K03255,28
2010,Holzminden,Fälle,K03255,41
2011,Holzminden,Fälle,K03255,41
2012,Holzminden,Fälle,K03255,49
2013,Holzminden,Fälle,K03255,41
2014,Holzminden,Fälle,K03255,64
2015,Holzminden,Fälle,K03255,52
2016,Holzminden,Fälle,K03255,56
2017,Holzminden,Fälle,K03255,68
2018,Holzminden,Fälle,K03255,52
2019,Holzminden,Fälle,K03255,99
1991,Nienburg (Weser),Fälle,K03256,387
1992,Nienburg (Weser),Fälle,K03256,434
1993,Nienburg (Weser),Fälle,K03256,593
1994,Nienburg (Weser),Fälle,K03256,581
1995,Nienburg (Weser),Fälle,K03256,468
1996,Nienburg (Weser),Fälle,K03256,556
1997,Nienburg (Weser),Fälle,K03256,539
1998,Nienburg (Weser),Fälle,K03256,602
1999,Nienburg (Weser),Fälle,K03256,624
2000,Nienburg (Weser),Fälle,K03256,448
2001,Nienburg (Weser),Fälle,K03256,404
2002,Nienburg (Weser),Fälle,K03256,391
2003,Nienburg (Weser),Fälle,K03256,373
2004,Nienburg (Weser),Fälle,K03256,263
2005,Nienburg (Weser),Fälle,K03256,269
2006,Nienburg (Weser),Fälle,K03256,191
2007,Nienburg (Weser),Fälle,K03256,143
2008,Nienburg (Weser),Fälle,K03256,147
2009,Nienburg (Weser),Fälle,K03256,126
2010,Nienburg (Weser),Fälle,K03256,202
2011,Nienburg (Weser),Fälle,K03256,129
2012,Nienburg (Weser),Fälle,K03256,205
2013,Nienburg (Weser),Fälle,K03256,219
2014,Nienburg (Weser),Fälle,K03256,221
2015,Nienburg (Weser),Fälle,K03256,261
2016,Nienburg (Weser),Fälle,K03256,260
2017,Nienburg (Weser),Fälle,K03256,277
2018,Nienburg (Weser),Fälle,K03256,241
2019,Nienburg (Weser),Fälle,K03256,334
1991,Schaumburg,Fälle,K03257,492
1992,Schaumburg,Fälle,K03257,608
1993,Schaumburg,Fälle,K03257,733
1994,Schaumburg,Fälle,K03257,892
1995,Schaumburg,Fälle,K03257,550
1996,Schaumburg,Fälle,K03257,751
1997,Schaumburg,Fälle,K03257,570
1998,Schaumburg,Fälle,K03257,636
1999,Schaumburg,Fälle,K03257,698
2000,Schaumburg,Fälle,K03257,627
2001,Schaumburg,Fälle,K03257,666
2002,Schaumburg,Fälle,K03257,556
2003,Schaumburg,Fälle,K03257,461
2004,Schaumburg,Fälle,K03257,277
2005,Schaumburg,Fälle,K03257,376
2006,Schaumburg,Fälle,K03257,245
2007,Schaumburg,Fälle,K03257,240
2008,Schaumburg,Fälle,K03257,197
2009,Schaumburg,Fälle,K03257,104
2010,Schaumburg,Fälle,K03257,176
2011,Schaumburg,Fälle,K03257,160
2012,Schaumburg,Fälle,K03257,175
2013,Schaumburg,Fälle,K03257,257
2014,Schaumburg,Fälle,K03257,190
2015,Schaumburg,Fälle,K03257,256
2016,Schaumburg,Fälle,K03257,338
2017,Schaumburg,Fälle,K03257,312
2018,Schaumburg,Fälle,K03257,305
2019,Schaumburg,Fälle,K03257,286
1991,Lneburg,Fälle,,5575
1992,Lneburg,Fälle,,6023
1993,Lneburg,Fälle,,7987
1994,Lneburg,Fälle,,7853
1995,Lneburg,Fälle,,6558
1996,Lneburg,Fälle,,6980
1997,Lneburg,Fälle,,6680
1998,Lneburg,Fälle,,8936
1999,Lneburg,Fälle,,8355
2000,Lneburg,Fälle,,5643
2001,Lneburg,Fälle,,5309
2002,Lneburg,Fälle,,4951
2003,Lneburg,Fälle,,4923
2004,Lneburg,Fälle,,3817
2005,Lneburg,Fälle,,3910
2006,Lneburg,Fälle,,3201
2007,Lneburg,Fälle,,2593
2008,Lneburg,Fälle,,2600
2009,Lneburg,Fälle,,2090
2010,Lneburg,Fälle,,3129
2011,Lneburg,Fälle,,2958
2012,Lneburg,Fälle,,3874
2013,Lneburg,Fälle,,3713
2014,Lneburg,Fälle,,3343
2015,Lneburg,Fälle,,4003
2016,Lneburg,Fälle,,3873
2017,Lneburg,Fälle,,4185
2018,Lneburg,Fälle,,3954
2019,Lneburg,Fälle,,3897
1991,Celle,Fälle,K03351,454
1992,Celle,Fälle,K03351,568
1993,Celle,Fälle,K03351,606
1994,Celle,Fälle,K03351,830
1995,Celle,Fälle,K03351,579
1996,Celle,Fälle,K03351,653
1997,Celle,Fälle,K03351,594
1998,Celle,Fälle,K03351,1056
1999,Celle,Fälle,K03351,833
2000,Celle,Fälle,K03351,419
2001,Celle,Fälle,K03351,575
2002,Celle,Fälle,K03351,486
2003,Celle,Fälle,K03351,570
2004,Celle,Fälle,K03351,370
2005,Celle,Fälle,K03351,362
2006,Celle,Fälle,K03351,316
2007,Celle,Fälle,K03351,218
2008,Celle,Fälle,K03351,277
2009,Celle,Fälle,K03351,153
2010,Celle,Fälle,K03351,203
2011,Celle,Fälle,K03351,192
2012,Celle,Fälle,K03351,297
2013,Celle,Fälle,K03351,330
2014,Celle,Fälle,K03351,286
2015,Celle,Fälle,K03351,311
2016,Celle,Fälle,K03351,314
2017,Celle,Fälle,K03351,482
2018,Celle,Fälle,K03351,419
2019,Celle,Fälle,K03351,358
1991,Cuxhaven,Fälle,K03352,551
1992,Cuxhaven,Fälle,K03352,693
1993,Cuxhaven,Fälle,K03352,952
1994,Cuxhaven,Fälle,K03352,983
1995,Cuxhaven,Fälle,K03352,847
1996,Cuxhaven,Fälle,K03352,845
1997,Cuxhaven,Fälle,K03352,895
1998,Cuxhaven,Fälle,K03352,1131
1999,Cuxhaven,Fälle,K03352,1558
2000,Cuxhaven,Fälle,K03352,921
2001,Cuxhaven,Fälle,K03352,736
2002,Cuxhaven,Fälle,K03352,580
2003,Cuxhaven,Fälle,K03352,611
2004,Cuxhaven,Fälle,K03352,584
2005,Cuxhaven,Fälle,K03352,282
2006,Cuxhaven,Fälle,K03352,438
2007,Cuxhaven,Fälle,K03352,265
2008,Cuxhaven,Fälle,K03352,292
2009,Cuxhaven,Fälle,K03352,275
2010,Cuxhaven,Fälle,K03352,267
2011,Cuxhaven,Fälle,K03352,368
2012,Cuxhaven,Fälle,K03352,394
2013,Cuxhaven,Fälle,K03352,439
2014,Cuxhaven,Fälle,K03352,384
2015,Cuxhaven,Fälle,K03352,480
2016,Cuxhaven,Fälle,K03352,468
2017,Cuxhaven,Fälle,K03352,558
2018,Cuxhaven,Fälle,K03352,568
2019,Cuxhaven,Fälle,K03352,522
1991,Harburg,Fälle,K03353,1196
1992,Harburg,Fälle,K03353,1166
1993,Harburg,Fälle,K03353,1388
1994,Harburg,Fälle,K03353,1003
1995,Harburg,Fälle,K03353,801
1996,Harburg,Fälle,K03353,965
1997,Harburg,Fälle,K03353,861
1998,Harburg,Fälle,K03353,1098
1999,Harburg,Fälle,K03353,871
2000,Harburg,Fälle,K03353,567
2001,Harburg,Fälle,K03353,546
2002,Harburg,Fälle,K03353,616
2003,Harburg,Fälle,K03353,618
2004,Harburg,Fälle,K03353,538
2005,Harburg,Fälle,K03353,724
2006,Harburg,Fälle,K03353,684
2007,Harburg,Fälle,K03353,551
2008,Harburg,Fälle,K03353,506
2009,Harburg,Fälle,K03353,460
2010,Harburg,Fälle,K03353,745
2011,Harburg,Fälle,K03353,668
2012,Harburg,Fälle,K03353,871
2013,Harburg,Fälle,K03353,590
2014,Harburg,Fälle,K03353,514
2015,Harburg,Fälle,K03353,660
2016,Harburg,Fälle,K03353,529
2017,Harburg,Fälle,K03353,533
2018,Harburg,Fälle,K03353,477
2019,Harburg,Fälle,K03353,562
1991,Lchow-Dannenberg,Fälle,K03354,202
1992,Lchow-Dannenberg,Fälle,K03354,221
1993,Lchow-Dannenberg,Fälle,K03354,300
1994,Lchow-Dannenberg,Fälle,K03354,260
1995,Lchow-Dannenberg,Fälle,K03354,245
1996,Lchow-Dannenberg,Fälle,K03354,215
1997,Lchow-Dannenberg,Fälle,K03354,212
1998,Lchow-Dannenberg,Fälle,K03354,278
1999,Lchow-Dannenberg,Fälle,K03354,283
2000,Lchow-Dannenberg,Fälle,K03354,192
2001,Lchow-Dannenberg,Fälle,K03354,156
2002,Lchow-Dannenberg,Fälle,K03354,126
2003,Lchow-Dannenberg,Fälle,K03354,98
2004,Lchow-Dannenberg,Fälle,K03354,79
2005,Lchow-Dannenberg,Fälle,K03354,58
2006,Lchow-Dannenberg,Fälle,K03354,58
2007,Lchow-Dannenberg,Fälle,K03354,57
2008,Lchow-Dannenberg,Fälle,K03354,51
2009,Lchow-Dannenberg,Fälle,K03354,15
2010,Lchow-Dannenberg,Fälle,K03354,50
2011,Lchow-Dannenberg,Fälle,K03354,51
2012,Lchow-Dannenberg,Fälle,K03354,44
2013,Lchow-Dannenberg,Fälle,K03354,83
2014,Lchow-Dannenberg,Fälle,K03354,71
2015,Lchow-Dannenberg,Fälle,K03354,68
2016,Lchow-Dannenberg,Fälle,K03354,79
2017,Lchow-Dannenberg,Fälle,K03354,85
2018,Lchow-Dannenberg,Fälle,K03354,112
2019,Lchow-Dannenberg,Fälle,K03354,143
1991,Lneburg- Stadt,Fälle,K03355,509
1992,Lneburg- Stadt,Fälle,K03355,169
1993,Lneburg- Stadt,Fälle,K03355,677
1994,Lneburg- Stadt,Fälle,K03355,793
1995,Lneburg- Stadt,Fälle,K03355,525
1996,Lneburg- Stadt,Fälle,K03355,717
1997,Lneburg- Stadt,Fälle,K03355,633
1998,Lneburg- Stadt,Fälle,K03355,796
1999,Lneburg- Stadt,Fälle,K03355,669
2000,Lneburg- Stadt,Fälle,K03355,455
2001,Lneburg- Stadt,Fälle,K03355,496
2002,Lneburg- Stadt,Fälle,K03355,479
2003,Lneburg- Stadt,Fälle,K03355,432
2004,Lneburg- Stadt,Fälle,K03355,399
2005,Lneburg- Stadt,Fälle,K03355,416
2006,Lneburg- Stadt,Fälle,K03355,300
2007,Lneburg- Stadt,Fälle,K03355,244
2008,Lneburg- Stadt,Fälle,K03355,296
2009,Lneburg- Stadt,Fälle,K03355,222
2010,Lneburg- Stadt,Fälle,K03355,432
2011,Lneburg- Stadt,Fälle,K03355,331
2012,Lneburg- Stadt,Fälle,K03355,503
2013,Lneburg- Stadt,Fälle,K03355,318
2014,Lneburg- Stadt,Fälle,K03355,332
2015,Lneburg- Stadt,Fälle,K03355,329
2016,Lneburg- Stadt,Fälle,K03355,388
2017,Lneburg- Stadt,Fälle,K03355,297
2018,Lneburg- Stadt,Fälle,K03355,301
2019,Lneburg- Stadt,Fälle,K03355,248
1991,Osterholz,Fälle,K03356,350
1992,Osterholz,Fälle,K03356,423
1993,Osterholz,Fälle,K03356,468
1994,Osterholz,Fälle,K03356,403
1995,Osterholz,Fälle,K03356,333
1996,Osterholz,Fälle,K03356,281
1997,Osterholz,Fälle,K03356,326
1998,Osterholz,Fälle,K03356,496
1999,Osterholz,Fälle,K03356,522
2000,Osterholz,Fälle,K03356,357
2001,Osterholz,Fälle,K03356,280
2002,Osterholz,Fälle,K03356,338
2003,Osterholz,Fälle,K03356,326
2004,Osterholz,Fälle,K03356,278
2005,Osterholz,Fälle,K03356,357
2006,Osterholz,Fälle,K03356,226
2007,Osterholz,Fälle,K03356,215
2008,Osterholz,Fälle,K03356,201
2009,Osterholz,Fälle,K03356,179
2010,Osterholz,Fälle,K03356,219
2011,Osterholz,Fälle,K03356,185
2012,Osterholz,Fälle,K03356,218
2013,Osterholz,Fälle,K03356,222
2014,Osterholz,Fälle,K03356,287
2015,Osterholz,Fälle,K03356,257
2016,Osterholz,Fälle,K03356,292
2017,Osterholz,Fälle,K03356,324
2018,Osterholz,Fälle,K03356,237
2019,Osterholz,Fälle,K03356,189
1991,Rotenburg (Wmme),Fälle,K03357,458
1992,Rotenburg (Wmme),Fälle,K03357,627
1993,Rotenburg (Wmme),Fälle,K03357,1044
1994,Rotenburg (Wmme),Fälle,K03357,912
1995,Rotenburg (Wmme),Fälle,K03357,924
1996,Rotenburg (Wmme),Fälle,K03357,823
1997,Rotenburg (Wmme),Fälle,K03357,872
1998,Rotenburg (Wmme),Fälle,K03357,1218
1999,Rotenburg (Wmme),Fälle,K03357,1020
2000,Rotenburg (Wmme),Fälle,K03357,697
2001,Rotenburg (Wmme),Fälle,K03357,540
2002,Rotenburg (Wmme),Fälle,K03357,623
2003,Rotenburg (Wmme),Fälle,K03357,596
2004,Rotenburg (Wmme),Fälle,K03357,299
2005,Rotenburg (Wmme),Fälle,K03357,359
2006,Rotenburg (Wmme),Fälle,K03357,208
2007,Rotenburg (Wmme),Fälle,K03357,201
2008,Rotenburg (Wmme),Fälle,K03357,174
2009,Rotenburg (Wmme),Fälle,K03357,137
2010,Rotenburg (Wmme),Fälle,K03357,257
2011,Rotenburg (Wmme),Fälle,K03357,263
2012,Rotenburg (Wmme),Fälle,K03357,311
2013,Rotenburg (Wmme),Fälle,K03357,349
2014,Rotenburg (Wmme),Fälle,K03357,363
2015,Rotenburg (Wmme),Fälle,K03357,498
2016,Rotenburg (Wmme),Fälle,K03357,475
2017,Rotenburg (Wmme),Fälle,K03357,497
2018,Rotenburg (Wmme),Fälle,K03357,469
2019,Rotenburg (Wmme),Fälle,K03357,446
1991,Heidekreis,Fälle,K03358,379
1992,Heidekreis,Fälle,K03358,472
1993,Heidekreis,Fälle,K03358,706
1994,Heidekreis,Fälle,K03358,739
1995,Heidekreis,Fälle,K03358,633
1996,Heidekreis,Fälle,K03358,697
1997,Heidekreis,Fälle,K03358,649
1998,Heidekreis,Fälle,K03358,794
1999,Heidekreis,Fälle,K03358,731
2000,Heidekreis,Fälle,K03358,542
2001,Heidekreis,Fälle,K03358,626
2002,Heidekreis,Fälle,K03358,420
2003,Heidekreis,Fälle,K03358,513
2004,Heidekreis,Fälle,K03358,350
2005,Heidekreis,Fälle,K03358,296
2006,Heidekreis,Fälle,K03358,252
2007,Heidekreis,Fälle,K03358,216
2008,Heidekreis,Fälle,K03358,166
2009,Heidekreis,Fälle,K03358,145
2010,Heidekreis,Fälle,K03358,192
2011,Heidekreis,Fälle,K03358,177
2012,Heidekreis,Fälle,K03358,215
2013,Heidekreis,Fälle,K03358,280
2014,Heidekreis,Fälle,K03358,240
2015,Heidekreis,Fälle,K03358,353
2016,Heidekreis,Fälle,K03358,351
2017,Heidekreis,Fälle,K03358,338
2018,Heidekreis,Fälle,K03358,362
2019,Heidekreis,Fälle,K03358,424
1991,Stade,Fälle,K03359,740
1992,Stade,Fälle,K03359,857
1993,Stade,Fälle,K03359,942
1994,Stade,Fälle,K03359,1010
1995,Stade,Fälle,K03359,772
1996,Stade,Fälle,K03359,896
1997,Stade,Fälle,K03359,790
1998,Stade,Fälle,K03359,1251
1999,Stade,Fälle,K03359,952
2000,Stade,Fälle,K03359,787
2001,Stade,Fälle,K03359,679
2002,Stade,Fälle,K03359,695
2003,Stade,Fälle,K03359,562
2004,Stade,Fälle,K03359,482
2005,Stade,Fälle,K03359,583
2006,Stade,Fälle,K03359,392
2007,Stade,Fälle,K03359,331
2008,Stade,Fälle,K03359,327
2009,Stade,Fälle,K03359,259
2010,Stade,Fälle,K03359,433
2011,Stade,Fälle,K03359,437
2012,Stade,Fälle,K03359,471
2013,Stade,Fälle,K03359,544
2014,Stade,Fälle,K03359,420
2015,Stade,Fälle,K03359,583
2016,Stade,Fälle,K03359,438
2017,Stade,Fälle,K03359,602
2018,Stade,Fälle,K03359,616
2019,Stade,Fälle,K03359,552
1991,Uelzen,Fälle,K03360,207
1992,Uelzen,Fälle,K03360,212
1993,Uelzen,Fälle,K03360,369
1994,Uelzen,Fälle,K03360,527
1995,Uelzen,Fälle,K03360,429
1996,Uelzen,Fälle,K03360,449
1997,Uelzen,Fälle,K03360,419
1998,Uelzen,Fälle,K03360,430
1999,Uelzen,Fälle,K03360,468
2000,Uelzen,Fälle,K03360,312
2001,Uelzen,Fälle,K03360,268
2002,Uelzen,Fälle,K03360,213
2003,Uelzen,Fälle,K03360,239
2004,Uelzen,Fälle,K03360,142
2005,Uelzen,Fälle,K03360,156
2006,Uelzen,Fälle,K03360,96
2007,Uelzen,Fälle,K03360,92
2008,Uelzen,Fälle,K03360,81
2009,Uelzen,Fälle,K03360,58
2010,Uelzen,Fälle,K03360,91
2011,Uelzen,Fälle,K03360,77
2012,Uelzen,Fälle,K03360,100
2013,Uelzen,Fälle,K03360,150
2014,Uelzen,Fälle,K03360,99
2015,Uelzen,Fälle,K03360,98
2016,Uelzen,Fälle,K03360,149
2017,Uelzen,Fälle,K03360,190
2018,Uelzen,Fälle,K03360,132
2019,Uelzen,Fälle,K03360,201
1991,Verden,Fälle,K03361,529
1992,Verden,Fälle,K03361,615
1993,Verden,Fälle,K03361,535
1994,Verden,Fälle,K03361,393
1995,Verden,Fälle,K03361,470
1996,Verden,Fälle,K03361,439
1997,Verden,Fälle,K03361,429
1998,Verden,Fälle,K03361,388
1999,Verden,Fälle,K03361,448
2000,Verden,Fälle,K03361,394
2001,Verden,Fälle,K03361,407
2002,Verden,Fälle,K03361,375
2003,Verden,Fälle,K03361,358
2004,Verden,Fälle,K03361,296
2005,Verden,Fälle,K03361,317
2006,Verden,Fälle,K03361,231
2007,Verden,Fälle,K03361,203
2008,Verden,Fälle,K03361,229
2009,Verden,Fälle,K03361,187
2010,Verden,Fälle,K03361,240
2011,Verden,Fälle,K03361,209
2012,Verden,Fälle,K03361,450
2013,Verden,Fälle,K03361,408
2014,Verden,Fälle,K03361,347
2015,Verden,Fälle,K03361,366
2016,Verden,Fälle,K03361,390
2017,Verden,Fälle,K03361,279
2018,Verden,Fälle,K03361,261
2019,Verden,Fälle,K03361,252
1991,Weser-Ems,Fälle,,8133
1992,Weser-Ems,Fälle,,9276
1993,Weser-Ems,Fälle,,11006
1994,Weser-Ems,Fälle,,11899
1995,Weser-Ems,Fälle,,9133
1996,Weser-Ems,Fälle,,10516
1997,Weser-Ems,Fälle,,9602
1998,Weser-Ems,Fälle,,11547
1999,Weser-Ems,Fälle,,12641
2000,Weser-Ems,Fälle,,8753
2001,Weser-Ems,Fälle,,8357
2002,Weser-Ems,Fälle,,9015
2003,Weser-Ems,Fälle,,7800
2004,Weser-Ems,Fälle,,5742
2005,Weser-Ems,Fälle,,6842
2006,Weser-Ems,Fälle,,4862
2007,Weser-Ems,Fälle,,4630
2008,Weser-Ems,Fälle,,4195
2009,Weser-Ems,Fälle,,3511
2010,Weser-Ems,Fälle,,5069
2011,Weser-Ems,Fälle,,4890
2012,Weser-Ems,Fälle,,6360
2013,Weser-Ems,Fälle,,6708
2014,Weser-Ems,Fälle,,5753
2015,Weser-Ems,Fälle,,6428
2016,Weser-Ems,Fälle,,6142
2017,Weser-Ems,Fälle,,6031
2018,Weser-Ems,Fälle,,5770
2019,Weser-Ems,Fälle,,5732
1991,Delmenhorst-Stadt,Fälle,K03401,172
1992,Delmenhorst-Stadt,Fälle,K03401,197
1993,Delmenhorst-Stadt,Fälle,K03401,160
1994,Delmenhorst-Stadt,Fälle,K03401,177
1995,Delmenhorst-Stadt,Fälle,K03401,86
1996,Delmenhorst-Stadt,Fälle,K03401,105
1997,Delmenhorst-Stadt,Fälle,K03401,97
1998,Delmenhorst-Stadt,Fälle,K03401,101
1999,Delmenhorst-Stadt,Fälle,K03401,129
2000,Delmenhorst-Stadt,Fälle,K03401,128
2001,Delmenhorst-Stadt,Fälle,K03401,97
2002,Delmenhorst-Stadt,Fälle,K03401,145
2003,Delmenhorst-Stadt,Fälle,K03401,161
2004,Delmenhorst-Stadt,Fälle,K03401,102
2005,Delmenhorst-Stadt,Fälle,K03401,113
2006,Delmenhorst-Stadt,Fälle,K03401,102
2007,Delmenhorst-Stadt,Fälle,K03401,64
2008,Delmenhorst-Stadt,Fälle,K03401,64
2009,Delmenhorst-Stadt,Fälle,K03401,49
2010,Delmenhorst-Stadt,Fälle,K03401,61
2011,Delmenhorst-Stadt,Fälle,K03401,79
2012,Delmenhorst-Stadt,Fälle,K03401,94
2013,Delmenhorst-Stadt,Fälle,K03401,65
2014,Delmenhorst-Stadt,Fälle,K03401,77
2015,Delmenhorst-Stadt,Fälle,K03401,84
2016,Delmenhorst-Stadt,Fälle,K03401,79
2017,Delmenhorst-Stadt,Fälle,K03401,52
2018,Delmenhorst-Stadt,Fälle,K03401,78
2019,Delmenhorst-Stadt,Fälle,K03401,59
1991,Emden-Stadt,Fälle,K03402,100
1992,Emden-Stadt,Fälle,K03402,62
1993,Emden-Stadt,Fälle,K03402,109
1994,Emden-Stadt,Fälle,K03402,172
1995,Emden-Stadt,Fälle,K03402,157
1996,Emden-Stadt,Fälle,K03402,197
1997,Emden-Stadt,Fälle,K03402,136
1998,Emden-Stadt,Fälle,K03402,143
1999,Emden-Stadt,Fälle,K03402,263
2000,Emden-Stadt,Fälle,K03402,181
2001,Emden-Stadt,Fälle,K03402,132
2002,Emden-Stadt,Fälle,K03402,115
2003,Emden-Stadt,Fälle,K03402,88
2004,Emden-Stadt,Fälle,K03402,67
2005,Emden-Stadt,Fälle,K03402,95
2006,Emden-Stadt,Fälle,K03402,46
2007,Emden-Stadt,Fälle,K03402,49
2008,Emden-Stadt,Fälle,K03402,52
2009,Emden-Stadt,Fälle,K03402,44
2010,Emden-Stadt,Fälle,K03402,61
2011,Emden-Stadt,Fälle,K03402,59
2012,Emden-Stadt,Fälle,K03402,97
2013,Emden-Stadt,Fälle,K03402,69
2014,Emden-Stadt,Fälle,K03402,34
2015,Emden-Stadt,Fälle,K03402,74
2016,Emden-Stadt,Fälle,K03402,108
2017,Emden-Stadt,Fälle,K03402,53
2018,Emden-Stadt,Fälle,K03402,70
2019,Emden-Stadt,Fälle,K03402,57
1991,Oldenburg(Oldb)-Stadt,Fälle,K03403,383
1992,Oldenburg(Oldb)-Stadt,Fälle,K03403,471
1993,Oldenburg(Oldb)-Stadt,Fälle,K03403,464
1994,Oldenburg(Oldb)-Stadt,Fälle,K03403,377
1995,Oldenburg(Oldb)-Stadt,Fälle,K03403,445
1996,Oldenburg(Oldb)-Stadt,Fälle,K03403,504
1997,Oldenburg(Oldb)-Stadt,Fälle,K03403,401
1998,Oldenburg(Oldb)-Stadt,Fälle,K03403,385
1999,Oldenburg(Oldb)-Stadt,Fälle,K03403,361
2000,Oldenburg(Oldb)-Stadt,Fälle,K03403,284
2001,Oldenburg(Oldb)-Stadt,Fälle,K03403,259
2002,Oldenburg(Oldb)-Stadt,Fälle,K03403,285
2003,Oldenburg(Oldb)-Stadt,Fälle,K03403,259
2004,Oldenburg(Oldb)-Stadt,Fälle,K03403,231
2005,Oldenburg(Oldb)-Stadt,Fälle,K03403,296
2006,Oldenburg(Oldb)-Stadt,Fälle,K03403,220
2007,Oldenburg(Oldb)-Stadt,Fälle,K03403,192
2008,Oldenburg(Oldb)-Stadt,Fälle,K03403,174
2009,Oldenburg(Oldb)-Stadt,Fälle,K03403,214
2010,Oldenburg(Oldb)-Stadt,Fälle,K03403,337
2011,Oldenburg(Oldb)-Stadt,Fälle,K03403,208
2012,Oldenburg(Oldb)-Stadt,Fälle,K03403,375
2013,Oldenburg(Oldb)-Stadt,Fälle,K03403,276
2014,Oldenburg(Oldb)-Stadt,Fälle,K03403,243
2015,Oldenburg(Oldb)-Stadt,Fälle,K03403,241
2016,Oldenburg(Oldb)-Stadt,Fälle,K03403,239
2017,Oldenburg(Oldb)-Stadt,Fälle,K03403,262
2018,Oldenburg(Oldb)-Stadt,Fälle,K03403,242
2019,Oldenburg(Oldb)-Stadt,Fälle,K03403,280
1991,Osnabrck-Stadt,Fälle,K03404,237
1992,Osnabrck-Stadt,Fälle,K03404,233
1993,Osnabrck-Stadt,Fälle,K03404,169
1994,Osnabrck-Stadt,Fälle,K03404,186
1995,Osnabrck-Stadt,Fälle,K03404,129
1996,Osnabrck-Stadt,Fälle,K03404,117
1997,Osnabrck-Stadt,Fälle,K03404,104
1998,Osnabrck-Stadt,Fälle,K03404,100
1999,Osnabrck-Stadt,Fälle,K03404,136
2000,Osnabrck-Stadt,Fälle,K03404,129
2001,Osnabrck-Stadt,Fälle,K03404,111
2002,Osnabrck-Stadt,Fälle,K03404,95
2003,Osnabrck-Stadt,Fälle,K03404,82
2004,Osnabrck-Stadt,Fälle,K03404,125
2005,Osnabrck-Stadt,Fälle,K03404,103
2006,Osnabrck-Stadt,Fälle,K03404,102
2007,Osnabrck-Stadt,Fälle,K03404,88
2008,Osnabrck-Stadt,Fälle,K03404,92
2009,Osnabrck-Stadt,Fälle,K03404,43
2010,Osnabrck-Stadt,Fälle,K03404,98
2011,Osnabrck-Stadt,Fälle,K03404,170
2012,Osnabrck-Stadt,Fälle,K03404,205
2013,Osnabrck-Stadt,Fälle,K03404,247
2014,Osnabrck-Stadt,Fälle,K03404,106
2015,Osnabrck-Stadt,Fälle,K03404,107
2016,Osnabrck-Stadt,Fälle,K03404,67
2017,Osnabrck-Stadt,Fälle,K03404,67
2018,Osnabrck-Stadt,Fälle,K03404,98
2019,Osnabrck-Stadt,Fälle,K03404,72
1991,Wilhelmshaven-Stadt,Fälle,K03405,99
1992,Wilhelmshaven-Stadt,Fälle,K03405,97
1993,Wilhelmshaven-Stadt,Fälle,K03405,130
1994,Wilhelmshaven-Stadt,Fälle,K03405,173
1995,Wilhelmshaven-Stadt,Fälle,K03405,125
1996,Wilhelmshaven-Stadt,Fälle,K03405,122
1997,Wilhelmshaven-Stadt,Fälle,K03405,84
1998,Wilhelmshaven-Stadt,Fälle,K03405,236
1999,Wilhelmshaven-Stadt,Fälle,K03405,169
2000,Wilhelmshaven-Stadt,Fälle,K03405,126
2001,Wilhelmshaven-Stadt,Fälle,K03405,114
2002,Wilhelmshaven-Stadt,Fälle,K03405,159
2003,Wilhelmshaven-Stadt,Fälle,K03405,118
2004,Wilhelmshaven-Stadt,Fälle,K03405,61
2005,Wilhelmshaven-Stadt,Fälle,K03405,88
2006,Wilhelmshaven-Stadt,Fälle,K03405,53
2007,Wilhelmshaven-Stadt,Fälle,K03405,58
2008,Wilhelmshaven-Stadt,Fälle,K03405,66
2009,Wilhelmshaven-Stadt,Fälle,K03405,52
2010,Wilhelmshaven-Stadt,Fälle,K03405,47
2011,Wilhelmshaven-Stadt,Fälle,K03405,36
2012,Wilhelmshaven-Stadt,Fälle,K03405,47
2013,Wilhelmshaven-Stadt,Fälle,K03405,63
2014,Wilhelmshaven-Stadt,Fälle,K03405,36
2015,Wilhelmshaven-Stadt,Fälle,K03405,74
2016,Wilhelmshaven-Stadt,Fälle,K03405,41
2017,Wilhelmshaven-Stadt,Fälle,K03405,60
2018,Wilhelmshaven-Stadt,Fälle,K03405,42
2019,Wilhelmshaven-Stadt,Fälle,K03405,45
1991,Ammerland,Fälle,K03451,437
1992,Ammerland,Fälle,K03451,436
1993,Ammerland,Fälle,K03451,557
1994,Ammerland,Fälle,K03451,496
1995,Ammerland,Fälle,K03451,505
1996,Ammerland,Fälle,K03451,950
1997,Ammerland,Fälle,K03451,501
1998,Ammerland,Fälle,K03451,742
1999,Ammerland,Fälle,K03451,784
2000,Ammerland,Fälle,K03451,611
2001,Ammerland,Fälle,K03451,553
2002,Ammerland,Fälle,K03451,588
2003,Ammerland,Fälle,K03451,548
2004,Ammerland,Fälle,K03451,372
2005,Ammerland,Fälle,K03451,507
2006,Ammerland,Fälle,K03451,361
2007,Ammerland,Fälle,K03451,296
2008,Ammerland,Fälle,K03451,265
2009,Ammerland,Fälle,K03451,298
2010,Ammerland,Fälle,K03451,472
2011,Ammerland,Fälle,K03451,423
2012,Ammerland,Fälle,K03451,449
2013,Ammerland,Fälle,K03451,517
2014,Ammerland,Fälle,K03451,387
2015,Ammerland,Fälle,K03451,244
2016,Ammerland,Fälle,K03451,320
2017,Ammerland,Fälle,K03451,313
2018,Ammerland,Fälle,K03451,344
2019,Ammerland,Fälle,K03451,250
1991,Aurich,Fälle,K03452,819
1992,Aurich,Fälle,K03452,972
1993,Aurich,Fälle,K03452,1338
1994,Aurich,Fälle,K03452,1300
1995,Aurich,Fälle,K03452,905
1996,Aurich,Fälle,K03452,1174
1997,Aurich,Fälle,K03452,1091
1998,Aurich,Fälle,K03452,1324
1999,Aurich,Fälle,K03452,1328
2000,Aurich,Fälle,K03452,812
2001,Aurich,Fälle,K03452,643
2002,Aurich,Fälle,K03452,722
2003,Aurich,Fälle,K03452,738
2004,Aurich,Fälle,K03452,527
2005,Aurich,Fälle,K03452,572
2006,Aurich,Fälle,K03452,398
2007,Aurich,Fälle,K03452,427
2008,Aurich,Fälle,K03452,372
2009,Aurich,Fälle,K03452,362
2010,Aurich,Fälle,K03452,509
2011,Aurich,Fälle,K03452,472
2012,Aurich,Fälle,K03452,624
2013,Aurich,Fälle,K03452,662
2014,Aurich,Fälle,K03452,593
2015,Aurich,Fälle,K03452,635
2016,Aurich,Fälle,K03452,471
2017,Aurich,Fälle,K03452,451
2018,Aurich,Fälle,K03452,481
2019,Aurich,Fälle,K03452,501
1991,Cloppenburg,Fälle,K03453,581
1992,Cloppenburg,Fälle,K03453,539
1993,Cloppenburg,Fälle,K03453,908
1994,Cloppenburg,Fälle,K03453,952
1995,Cloppenburg,Fälle,K03453,670
1996,Cloppenburg,Fälle,K03453,741
1997,Cloppenburg,Fälle,K03453,792
1998,Cloppenburg,Fälle,K03453,903
1999,Cloppenburg,Fälle,K03453,930
2000,Cloppenburg,Fälle,K03453,747
2001,Cloppenburg,Fälle,K03453,640
2002,Cloppenburg,Fälle,K03453,714
2003,Cloppenburg,Fälle,K03453,653
2004,Cloppenburg,Fälle,K03453,478
2005,Cloppenburg,Fälle,K03453,596
2006,Cloppenburg,Fälle,K03453,429
2007,Cloppenburg,Fälle,K03453,330
2008,Cloppenburg,Fälle,K03453,310
2009,Cloppenburg,Fälle,K03453,333
2010,Cloppenburg,Fälle,K03453,497
2011,Cloppenburg,Fälle,K03453,453
2012,Cloppenburg,Fälle,K03453,570
2013,Cloppenburg,Fälle,K03453,579
2014,Cloppenburg,Fälle,K03453,631
2015,Cloppenburg,Fälle,K03453,666
2016,Cloppenburg,Fälle,K03453,672
2017,Cloppenburg,Fälle,K03453,698
2018,Cloppenburg,Fälle,K03453,529
2019,Cloppenburg,Fälle,K03453,573
1991,Emsland,Fälle,K03454,1426
1992,Emsland,Fälle,K03454,1304
1993,Emsland,Fälle,K03454,1475
1994,Emsland,Fälle,K03454,1616
1995,Emsland,Fälle,K03454,1383
1996,Emsland,Fälle,K03454,1531
1997,Emsland,Fälle,K03454,1432
1998,Emsland,Fälle,K03454,1686
1999,Emsland,Fälle,K03454,1695
2000,Emsland,Fälle,K03454,1319
2001,Emsland,Fälle,K03454,1368
2002,Emsland,Fälle,K03454,1661
2003,Emsland,Fälle,K03454,1294
2004,Emsland,Fälle,K03454,952
2005,Emsland,Fälle,K03454,1089
2006,Emsland,Fälle,K03454,816
2007,Emsland,Fälle,K03454,816
2008,Emsland,Fälle,K03454,732
2009,Emsland,Fälle,K03454,474
2010,Emsland,Fälle,K03454,765
2011,Emsland,Fälle,K03454,697
2012,Emsland,Fälle,K03454,977
2013,Emsland,Fälle,K03454,1082
2014,Emsland,Fälle,K03454,945
2015,Emsland,Fälle,K03454,1067
2016,Emsland,Fälle,K03454,1076
2017,Emsland,Fälle,K03454,996
2018,Emsland,Fälle,K03454,1019
2019,Emsland,Fälle,K03454,1097
1991,Friesland,Fälle,K03455,279
1992,Friesland,Fälle,K03455,400
1993,Friesland,Fälle,K03455,666
1994,Friesland,Fälle,K03455,501
1995,Friesland,Fälle,K03455,320
1996,Friesland,Fälle,K03455,420
1997,Friesland,Fälle,K03455,480
1998,Friesland,Fälle,K03455,509
1999,Friesland,Fälle,K03455,540
2000,Friesland,Fälle,K03455,349
2001,Friesland,Fälle,K03455,323
2002,Friesland,Fälle,K03455,322
2003,Friesland,Fälle,K03455,303
2004,Friesland,Fälle,K03455,171
2005,Friesland,Fälle,K03455,259
2006,Friesland,Fälle,K03455,222
2007,Friesland,Fälle,K03455,197
2008,Friesland,Fälle,K03455,162
2009,Friesland,Fälle,K03455,152
2010,Friesland,Fälle,K03455,227
2011,Friesland,Fälle,K03455,164
2012,Friesland,Fälle,K03455,199
2013,Friesland,Fälle,K03455,241
2014,Friesland,Fälle,K03455,211
2015,Friesland,Fälle,K03455,323
2016,Friesland,Fälle,K03455,270
2017,Friesland,Fälle,K03455,280
2018,Friesland,Fälle,K03455,216
2019,Friesland,Fälle,K03455,277
1991,Grafschaft Bentheim,Fälle,K03456,375
1992,Grafschaft Bentheim,Fälle,K03456,584
1993,Grafschaft Bentheim,Fälle,K03456,697
1994,Grafschaft Bentheim,Fälle,K03456,603
1995,Grafschaft Bentheim,Fälle,K03456,569
1996,Grafschaft Bentheim,Fälle,K03456,676
1997,Grafschaft Bentheim,Fälle,K03456,646
1998,Grafschaft Bentheim,Fälle,K03456,734
1999,Grafschaft Bentheim,Fälle,K03456,747
2000,Grafschaft Bentheim,Fälle,K03456,655
2001,Grafschaft Bentheim,Fälle,K03456,907
2002,Grafschaft Bentheim,Fälle,K03456,764
2003,Grafschaft Bentheim,Fälle,K03456,731
2004,Grafschaft Bentheim,Fälle,K03456,589
2005,Grafschaft Bentheim,Fälle,K03456,587
2006,Grafschaft Bentheim,Fälle,K03456,380
2007,Grafschaft Bentheim,Fälle,K03456,407
2008,Grafschaft Bentheim,Fälle,K03456,379
2009,Grafschaft Bentheim,Fälle,K03456,259
2010,Grafschaft Bentheim,Fälle,K03456,286
2011,Grafschaft Bentheim,Fälle,K03456,248
2012,Grafschaft Bentheim,Fälle,K03456,465
2013,Grafschaft Bentheim,Fälle,K03456,449
2014,Grafschaft Bentheim,Fälle,K03456,350
2015,Grafschaft Bentheim,Fälle,K03456,357
2016,Grafschaft Bentheim,Fälle,K03456,429
2017,Grafschaft Bentheim,Fälle,K03456,413
2018,Grafschaft Bentheim,Fälle,K03456,283
2019,Grafschaft Bentheim,Fälle,K03456,372
1991,Leer,Fälle,K03457,646
1992,Leer,Fälle,K03457,1006
1993,Leer,Fälle,K03457,1032
1994,Leer,Fälle,K03457,1082
1995,Leer,Fälle,K03457,693
1996,Leer,Fälle,K03457,921
1997,Leer,Fälle,K03457,962
1998,Leer,Fälle,K03457,1077
1999,Leer,Fälle,K03457,1830
2000,Leer,Fälle,K03457,845
2001,Leer,Fälle,K03457,743
2002,Leer,Fälle,K03457,717
2003,Leer,Fälle,K03457,558
2004,Leer,Fälle,K03457,457
2005,Leer,Fälle,K03457,481
2006,Leer,Fälle,K03457,404
2007,Leer,Fälle,K03457,417
2008,Leer,Fälle,K03457,403
2009,Leer,Fälle,K03457,380
2010,Leer,Fälle,K03457,484
2011,Leer,Fälle,K03457,489
2012,Leer,Fälle,K03457,667
2013,Leer,Fälle,K03457,496
2014,Leer,Fälle,K03457,567
2015,Leer,Fälle,K03457,561
2016,Leer,Fälle,K03457,553
2017,Leer,Fälle,K03457,494
2018,Leer,Fälle,K03457,481
2019,Leer,Fälle,K03457,461
1991,Oldenburg,Fälle,K03458,514
1992,Oldenburg,Fälle,K03458,575
1993,Oldenburg,Fälle,K03458,462
1994,Oldenburg,Fälle,K03458,676
1995,Oldenburg,Fälle,K03458,552
1996,Oldenburg,Fälle,K03458,493
1997,Oldenburg,Fälle,K03458,631
1998,Oldenburg,Fälle,K03458,872
1999,Oldenburg,Fälle,K03458,756
2000,Oldenburg,Fälle,K03458,531
2001,Oldenburg,Fälle,K03458,389
2002,Oldenburg,Fälle,K03458,467
2003,Oldenburg,Fälle,K03458,399
2004,Oldenburg,Fälle,K03458,317
2005,Oldenburg,Fälle,K03458,416
2006,Oldenburg,Fälle,K03458,260
2007,Oldenburg,Fälle,K03458,227
2008,Oldenburg,Fälle,K03458,259
2009,Oldenburg,Fälle,K03458,202
2010,Oldenburg,Fälle,K03458,259
2011,Oldenburg,Fälle,K03458,229
2012,Oldenburg,Fälle,K03458,279
2013,Oldenburg,Fälle,K03458,369
2014,Oldenburg,Fälle,K03458,294
2015,Oldenburg,Fälle,K03458,358
2016,Oldenburg,Fälle,K03458,369
2017,Oldenburg,Fälle,K03458,281
2018,Oldenburg,Fälle,K03458,352
2019,Oldenburg,Fälle,K03458,296
1991,Osnabrck,Fälle,K03459,986
1992,Osnabrck,Fälle,K03459,1191
1993,Osnabrck,Fälle,K03459,1432
1994,Osnabrck,Fälle,K03459,1645
1995,Osnabrck,Fälle,K03459,1146
1996,Osnabrck,Fälle,K03459,1068
1997,Osnabrck,Fälle,K03459,1016
1998,Osnabrck,Fälle,K03459,1192
1999,Osnabrck,Fälle,K03459,1336
2000,Osnabrck,Fälle,K03459,943
2001,Osnabrck,Fälle,K03459,1024
2002,Osnabrck,Fälle,K03459,1040
2003,Osnabrck,Fälle,K03459,863
2004,Osnabrck,Fälle,K03459,633
2005,Osnabrck,Fälle,K03459,801
2006,Osnabrck,Fälle,K03459,572
2007,Osnabrck,Fälle,K03459,518
2008,Osnabrck,Fälle,K03459,402
2009,Osnabrck,Fälle,K03459,157
2010,Osnabrck,Fälle,K03459,287
2011,Osnabrck,Fälle,K03459,573
2012,Osnabrck,Fälle,K03459,613
2013,Osnabrck,Fälle,K03459,862
2014,Osnabrck,Fälle,K03459,702
2015,Osnabrck,Fälle,K03459,764
2016,Osnabrck,Fälle,K03459,642
2017,Osnabrck,Fälle,K03459,644
2018,Osnabrck,Fälle,K03459,759
2019,Osnabrck,Fälle,K03459,604
1991,Vechta,Fälle,K03460,527
1992,Vechta,Fälle,K03460,578
1993,Vechta,Fälle,K03460,693
1994,Vechta,Fälle,K03460,855
1995,Vechta,Fälle,K03460,724
1996,Vechta,Fälle,K03460,689
1997,Vechta,Fälle,K03460,665
1998,Vechta,Fälle,K03460,687
1999,Vechta,Fälle,K03460,807
2000,Vechta,Fälle,K03460,568
2001,Vechta,Fälle,K03460,511
2002,Vechta,Fälle,K03460,671
2003,Vechta,Fälle,K03460,607
2004,Vechta,Fälle,K03460,421
2005,Vechta,Fälle,K03460,558
2006,Vechta,Fälle,K03460,310
2007,Vechta,Fälle,K03460,341
2008,Vechta,Fälle,K03460,298
2009,Vechta,Fälle,K03460,347
2010,Vechta,Fälle,K03460,525
2011,Vechta,Fälle,K03460,388
2012,Vechta,Fälle,K03460,478
2013,Vechta,Fälle,K03460,455
2014,Vechta,Fälle,K03460,311
2015,Vechta,Fälle,K03460,492
2016,Vechta,Fälle,K03460,453
2017,Vechta,Fälle,K03460,608
2018,Vechta,Fälle,K03460,418
2019,Vechta,Fälle,K03460,416
1991,Wesermarsch,Fälle,K03461,270
1992,Wesermarsch,Fälle,K03461,297
1993,Wesermarsch,Fälle,K03461,326
1994,Wesermarsch,Fälle,K03461,437
1995,Wesermarsch,Fälle,K03461,416
1996,Wesermarsch,Fälle,K03461,417
1997,Wesermarsch,Fälle,K03461,280
1998,Wesermarsch,Fälle,K03461,365
1999,Wesermarsch,Fälle,K03461,514
2000,Wesermarsch,Fälle,K03461,303
2001,Wesermarsch,Fälle,K03461,294
2002,Wesermarsch,Fälle,K03461,303
2003,Wesermarsch,Fälle,K03461,210
2004,Wesermarsch,Fälle,K03461,127
2005,Wesermarsch,Fälle,K03461,158
2006,Wesermarsch,Fälle,K03461,79
2007,Wesermarsch,Fälle,K03461,106
2008,Wesermarsch,Fälle,K03461,95
2009,Wesermarsch,Fälle,K03461,63
2010,Wesermarsch,Fälle,K03461,94
2011,Wesermarsch,Fälle,K03461,100
2012,Wesermarsch,Fälle,K03461,100
2013,Wesermarsch,Fälle,K03461,134
2014,Wesermarsch,Fälle,K03461,93
2015,Wesermarsch,Fälle,K03461,159
2016,Wesermarsch,Fälle,K03461,149
2017,Wesermarsch,Fälle,K03461,208
2018,Wesermarsch,Fälle,K03461,163
2019,Wesermarsch,Fälle,K03461,160
1991,Wittmund,Fälle,K03462,282
1992,Wittmund,Fälle,K03462,334
1993,Wittmund,Fälle,K03462,388
1994,Wittmund,Fälle,K03462,651
1995,Wittmund,Fälle,K03462,308
1996,Wittmund,Fälle,K03462,391
1997,Wittmund,Fälle,K03462,284
1998,Wittmund,Fälle,K03462,491
1999,Wittmund,Fälle,K03462,316
2000,Wittmund,Fälle,K03462,222
2001,Wittmund,Fälle,K03462,249
2002,Wittmund,Fälle,K03462,247
2003,Wittmund,Fälle,K03462,188
2004,Wittmund,Fälle,K03462,112
2005,Wittmund,Fälle,K03462,123
2006,Wittmund,Fälle,K03462,108
2007,Wittmund,Fälle,K03462,97
2008,Wittmund,Fälle,K03462,70
2009,Wittmund,Fälle,K03462,82
2010,Wittmund,Fälle,K03462,60
2011,Wittmund,Fälle,K03462,102
2012,Wittmund,Fälle,K03462,121
2013,Wittmund,Fälle,K03462,142
2014,Wittmund,Fälle,K03462,173
2015,Wittmund,Fälle,K03462,222
2016,Wittmund,Fälle,K03462,204
2017,Wittmund,Fälle,K03462,151
2018,Wittmund,Fälle,K03462,195
2019,Wittmund,Fälle,K03462,212
